id,family_short,selection_reason,gold_answer,model_name,prediction,is_correct,has_weird,has_placeholder,has_im_end,raw_preview
565bc498,gravity,top8_win,94.71,base,10.247,False,False,False,False,"We need to interpret the problem: In Alice's Wonderland, gravitational constant changed. Observations: at t=1.54s, distance=12.15 m; at t=2.4s, distance=29.5 m; at t=3.0s, distance=46.1 m. Determine falling distance for t=4.3s given d = 0.5"
565bc498,gravity,top8_win,94.71,completion_top8,18,False,False,False,False,"We need to find g from examples. d = 0.5 * g * t^2. Use examples to estimate g. Use any pair. Use t1=1.54, d1=12.15. So g = 2d / t^2. Compute: t^2 = 1.54^2 = 2.3716. 2d = 24.3. g = 24.3 / 2.3716 = approx 10.245. Let's compute more precisely"
565bc498,gravity,top8_win,94.71,completion_top12,18.4,False,False,False,False,We have examples of d vs t. d = 0.5 * g * t^2. They give examples with t and d. Use examples to fit g. Use d = 0.5 * g * t^2. Solve g from examples. Use d/t^2 ratio. Compute g = 2d / t^2. Use examples to estimate g. Let's compute for each e
4265fac8,gravity,base_win,11.01,base,0,False,False,False,False,"We need to interpret the problem. It says gravitational constant changed, but we have observations: at t=1.88s, distance=9.09m; at t=3.57s, distance=32.76m; at t=3.9s, distance=39.1m. They want to determine falling distance for t=2.07s give"
4265fac8,gravity,base_win,11.01,completion_top8,33840,False,False,False,False,"Okay, let's see. The problem is about finding the falling distance at t = 2.07s using d = 0.5 * g * t^2. But first, they gave some examples with t and d, so maybe I need to find g first from those examples. Because the examples might help m"
4265fac8,gravity,base_win,11.01,completion_top12,11.02,True,False,False,False,"We need to determine g from examples. d = 0.5 * g * t^2. Use examples to fit g. Use d/t^2 ratio. Compute g = 2d / t^2. Use examples. t1=1.88, d1=9.09. g1 = 2*9.09 / (1.88^2). 1.88^2 = 3.5344. 2*9.09 = 18.18. 18.18 / 3.5344 ≈ 5.144. t2=3.57,"
34f18cf1,unit,top8_win,39.20,base,3,False,False,False,False,"We need to infer the conversion rule. Given examples: 38.5 -> 37.24, 6.9 -> 6.68, 44.95 -> 43.48. They are decreasing slightly. Possibly conversion: subtract 1.26? Let's compute differences: 38.5-37.24 = 1.26. 6.9-6.68 = 0.22. Not constant."
34f18cf1,unit,top8_win,39.20,completion_top8,39.20,True,True,False,True,We need to find the conversion ratio. Examples: 38.5 -> 37.24. Ratio 37.24/38.5 = 0.96727. 6.9 -> 6.68 ratio 6.68/6.9 = 0.9678. 44.95 -> 43.48 ratio 43.48/44.95 = 0.9673. So conversion is multiply by 0.9673 approx. Apply to 40.52 gives 40.5
34f18cf1,unit,top8_win,39.20,completion_top12,39.18,True,True,False,True,"We need to find the conversion ratio. Examples: 38.5 -> 37.24, 6.9 -> 6.68, 44.95 -> 43.48. Looks like a fixed conversion ratio of 0.965538? Let's compute ratio of converted to original. 37.24/38.5 = 0.96727. 6.68/6.9 = 0.9678. 43.48/44.95 "
0fdc689e,unit,base_win,29.56,base,3.67,False,False,False,False,"We need to find the conversion rule. Given examples: 5.54 -> 3.67, 12.02 -> 7.96, 10.76 -> 7.12. Need to convert 44.65 -> ?\n\nWe need to find mapping function f(x) that maps these numbers. Possibly some operation like subtract something, m"
0fdc689e,unit,base_win,29.56,completion_top8,100,False,False,False,False,"We need to find conversion ratio. Examples: 5.54 -> 3.67, ratio 3.67/5.54 ≈ 0.662. 12.02 -> 7.96 ratio 0.662. 10.76 -> 7.12 ratio 0.662. So conversion is multiply by 0.662. Apply to 44.65: 44.65 * 0.662 =? Compute: 44.65 * 0.662. 44.65 * 0."
0fdc689e,unit,base_win,29.56,completion_top12,0.111,False,False,False,False,"We need to find the conversion ratio. Examples: 5.54 -> 3.67, 12.02 -> 7.96, 10.76 -> 7.12. Looks like a fixed conversion ratio of 0.6625? Let's compute ratio: 3.67 / 5.54 ≈ 0.6625. 7.96 / 12.02 ≈ 0.6625. 7.12 / 10.76 ≈ 0.6625. Indeed 5.54 "
6818b555,binary,top8_win,10000000,base,1,False,False,False,False,"We need to infer transformation rule from examples. Input 8-bit binary strings, output also 8-bit binary strings (but many are 00000000 or 00000001 or 10000000). Let's list inputs and outputs:\n\n1) 01101110 -> 00000000\n2) 10001011 -> 1000"
6818b555,binary,top8_win,10000000,completion_top8,8,False,False,False,False,"Okay, let's try to figure out the secret bit manipulation rule that transforms 8-bit binary numbers. The examples given are a bunch of 8-bit inputs and their outputs. I need to find a pattern or a consistent operation that maps each input t"
6818b555,binary,top8_win,10000000,completion_top12,8,False,False,False,False,"We need to infer the binary rule. Input 8-bit binary strings, output also 8-bit binary strings. Examples show many zeros. I apply some bit manipulation rule. Let's list examples with input and output. I keep as 8-bit strings. I'll denote bi"
bcdf9198,binary,base_win,11111111,base,1,False,False,False,False,"We need to infer transformation rule that maps many 8-bit inputs to output 11111111 (i.e., all bits 1). All given examples map to 11111111. So likely the rule is something like ""if some condition holds, output all 1s; otherwise maybe someth"
bcdf9198,binary,base_win,11111111,completion_top8,11111111,True,False,False,False,"Okay, let's try to figure out the secret bit manipulation rule that transforms 8-bit binary numbers into 11111111. All the examples given have the same output, 11111111. So the examples are all inputs that map to 11111111. Now, the question"
bcdf9198,binary,base_win,11111111,completion_top12,10,False,False,False,False,We need to infer the binary rule. All examples map to 11111111. So the rule likely checks some condition and if satisfied outputs all 1s. Input 01100010 must also satisfy condition. Let's examine examples. They are 8-bit binary strings. All
b69391b8,symbol,top8_win,66,base,30,False,False,False,False,"We need to infer transformation rules from examples. They show something like ""30{78 = 2339"". The notation seems weird: ""30{78 = 2339"". Possibly they are using curly braces or apostrophe? The examples:\n\n- 30{78 = 2339\n- 66'98 = 164\n- 96"
b69391b8,symbol,top8_win,66,completion_top8,2339,False,False,False,False,"We need to infer transformation rule. Examples: ""30{78 = 2339"". Notation with curly braces? Actually examples: 30{78 = 2339. Possibly they use braces to denote operation? The examples show something like ""30{78 = 2339"". That seems like a ru"
b69391b8,symbol,top8_win,66,completion_top12,7655,False,False,False,False,We need to infer the transformation rule. Examples follow a pattern with curly braces and apostrophe. The examples:\n\n30{78 = 2339\n66'98 = 164\n96{56 = 5375\n87{88 = 7655\n\nWe need to determine the result for 52'14. Use same rule. The ex
5b06502f,symbol,base_win,1768,base,185,False,False,False,False,"We need to infer transformation rules from examples. They are like ""a!b = ?"" maybe some operation? The symbols: ""!"" maybe concatenation? But examples: 20!22 = 441. Let's see: 20 and 22 produce 441. Could be something like (2+0)*(2+2)=2*4=8 "
5b06502f,symbol,base_win,1768,completion_top8,1121,False,False,False,False,"We need to infer transformation rule. Examples: ""20!22 = 441"". Probably operation defined as some function of the two numbers. Use !, ^, <, maybe other operators. They are like infix operators with two operands. The examples show results as"
5b06502f,symbol,base_win,1768,completion_top12,93,False,False,False,False,We need to infer the transformation rule. Examples: 20!22 = 441. Use ! as operator. Similarly 37^62 = 25. 77!93 = 7162. 16!70 = 1121. 98<87 = 185. Need to find rule that maps a binary operator with two numbers to a result. The examples use 
5e5ebad6,text,top8_win,the magical king follows,base,5,False,False,False,False,"We need to figure out mapping from cipher to plaintext based on examples. The examples show ciphertext words and plaintext phrase. Let's list them.\n\nExample 1:\ncipher: ""dbfyia qievtv ait meld uood""\nplain: ""knight chases the dark book""\n"
5e5ebad6,text,top8_win,the magical king follows,completion_top8,1,False,False,False,False,"We need to figure out the character substitution. Examples follow a consistent character substitution. Let's map examples. Example 1: ""dbfyia qievtv ait meld uood"" -> ""knight chases the dark book"". Let's align words. The examples show a map"
5e5ebad6,text,top8_win,the magical king follows,completion_top12,1,False,False,False,False,"We need to figure out character substitution. Examples define mapping. Let's list examples with mapping. Example1: dbfyia qievtv ait meld uood -> knight chases the dark book. So the left side is encrypted, right side is plain. Let's map cha"
fbd58e38,text,base_win,bird draws near garden,base,7,False,False,False,False,"We need to figure out encryption mapping. Given examples:\n\n1. ""qizx jhtwlmje ejnmjv"" -> ""king explores secret""\n2. ""rlgej ykvnuje vuj fmixuv qja"" -> ""mouse watches the bright key""\n3. ""rlgej omkye kmlgzo nkpj"" -> ""mouse draws around cave"""
fbd58e38,text,base_win,bird draws near garden,completion_top8,1,False,False,False,False,"We need to figure out the encryption. Examples follow a consistent character substitution. Let's map examples. Example 1: ""qizx jhtwlmje ejnmjv"" -> ""king explores secret"". So the encrypted phrase maps to plaintext. Let's align characters. E"
fbd58e38,text,base_win,bird draws near garden,completion_top12,3,False,False,False,False,"We need to figure out character substitution. Examples define mapping. Let's analyze examples. The examples are encrypted text -> plaintext. So mapping from encrypted characters to plaintext characters. Let's list examples.\n\n1. ""qizx jhtw"
2e5b0b54,roman,sanity,XCV,base,XCV,True,False,False,True,"We need to infer the numeral system used. Given examples: 20 -> XX, 1 -> I, 51 -> LI. This looks like Roman numerals? 20 is XX indeed, 1 is I, 51 is LI? In Roman numerals, 51 is LI? Actually Roman numeral for 51 is LI? Let's recall: Roman n"
2e5b0b54,roman,sanity,XCV,completion_top8,XCV,True,True,False,True,"We need to infer the numeral conversion. Examples: 20 -> XX, 1 -> I, 51 -> LI. Converting to a different numeral system. Possibly Roman numeral conversion? 20 in Roman is XX, 1 is I, 51 is LI. Indeed 51 in Roman numeral is LI. So the exampl"
2e5b0b54,roman,sanity,XCV,completion_top12,9,False,False,False,False,"We need to infer the numeral system conversion. Examples: 20 -> XX, 1 -> I, 51 -> LI. Converting decimal to some Roman numeral-like system? Roman numeral conversion: 1=I, 5=V, 10=X, 50=L, 100=C. Converting 20 gives 20, so the query evaluate"
