id,selection_tier,query_operator,same_operator_example_count,answer,query_raw,safe_prediction,safe_prediction_count,safe_spec_count,safe_support_max,safe_specs,all_predictions
2cc274cb,answer_only_keep,+,1,6821,21+68,6821,1,1,20,+::concat_xy__rev_in1_rev_out1::string_template,6821
4df01584,answer_only_keep,+,1,1935,35+19,1935,1,1,20,+::concat_xy__rev_in1_rev_out1::string_template,1935
69aa57b3,answer_only_keep,+,1,4472,72+44,4472,1,1,20,+::concat_xy__rev_in1_rev_out1::string_template,4472
743a293d,answer_only_keep,+,1,2432,32+24,2432,1,1,20,+::concat_xy__rev_in1_rev_out1::string_template,2432
76d2ee64,answer_only_keep,+,1,9402,02+94,9402,1,1,20,+::concat_xy__rev_in1_rev_out1::string_template,9402
84af5d7e,answer_only_keep,+,1,6155,55+61,6155,1,1,20,+::concat_xy__rev_in1_rev_out1::string_template,5516|6155
88b43464,answer_only_keep,+,1,5311,11+53,5311,1,1,20,+::concat_xy__rev_in1_rev_out1::string_template,5311
90d57388,answer_only_keep,+,1,2615,15+26,2615,1,1,20,+::concat_xy__rev_in1_rev_out1::string_template,2615
ab7809d1,answer_only_keep,+,1,2572,72+25,2572,1,1,20,+::concat_xy__rev_in1_rev_out1::string_template,2572
cd9d50e2,answer_only_keep,+,1,5293,93+52,5293,1,1,20,+::concat_xy__rev_in1_rev_out1::string_template,5293
e70d5739,answer_only_keep,+,1,6257,57+62,6257,1,1,20,+::concat_xy__rev_in1_rev_out1::string_template,6257
13892a7c,answer_only_keep,-,1,-85,61-47,-85,1,1,13,-::abs_diff_2d_op_suffix__rev_in1_rev_out1::string_template,-01|-85
2e37e963,answer_only_keep,-,1,-15,71-86,-15,1,1,13,-::abs_diff_2d_op_suffix__rev_in1_rev_out1::string_template,-0|-00|-15
3831c67a,answer_only_keep,*,1,5146,46*51,5146,1,1,13,*::concat_xy__rev_in1_rev_out1::string_template,5146
3ee36e0a,answer_only_keep,-,1,-51,48-99,-51,1,1,13,-::abs_diff_2d_op_suffix__rev_in1_rev_out1::string_template,-51|-84
4aeed935,answer_only_keep,*,1,1455,55*14,1455,1,1,13,*::concat_xy__rev_in1_rev_out1::string_template,1455
50f8e2c0,answer_only_keep,-,1,-22,31-53,-22,1,1,13,-::abs_diff_2d_op_suffix__rev_in1_rev_out1::string_template,-22
6f1211e2,answer_only_keep,*,1,6745,45*67,6745,1,1,13,*::concat_xy__rev_in1_rev_out1::string_template,6745
8021718e,answer_only_keep,*,1,6479,79*64,6479,1,1,13,*::concat_xy__rev_in1_rev_out1::string_template,6479
a8e5eca1,answer_only_keep,*,1,4274,74*42,4274,1,1,13,*::concat_xy__rev_in1_rev_out1::string_template,4274
aa8c76a1,answer_only_keep,*,1,0861,61*08,0861,1,1,13,*::concat_xy__rev_in1_rev_out1::string_template,0861
f28681ad,answer_only_keep,*,1,4314,14*43,4314,1,1,13,*::concat_xy__rev_in1_rev_out1::string_template,4314
43837c5b,answer_only_keep,*,1,4572,45*72,4572,1,1,4,*::concat_yx__rev_in1_rev_out1::string_template,4572
ee9239e9,answer_only_keep,*,1,2629,26*29,2629,1,1,4,*::concat_yx__rev_in1_rev_out1::string_template,2629
35a89469,answer_only_keep,[,1,9525,95[25,9525,1,1,3,[::concat_yx__rev_in1_rev_out1::string_template,9525
6dda26c0,answer_only_keep,[,1,4643,46[43,4643,1,1,3,[::concat_yx__rev_in1_rev_out1::string_template,4643
8d2546a5,answer_only_keep,-,1,1211,12-11,1211,1,1,3,-::concat_yx__rev_in1_rev_out1::string_template,1211
047c4111,answer_only_keep,$,1,2596,25$96,2596,1,1,2,$::concat_yx__rev_in1_rev_out1::string_template,2596
2a73a462,answer_only_keep,:,1,9302,93:02,9302,1,1,2,:::concat_yx__rev_in1_rev_out1::string_template,9302
372bb422,answer_only_keep,(,1,7560,75(60,7560,1,1,2,(::concat_yx__rev_in1_rev_out1::string_template,7560
37a2a7ff,answer_only_keep,/,1,8483,84/83,8483,1,1,2,/::concat_yx__rev_in1_rev_out1::string_template,8483
3a8a4ebc,answer_only_keep,',1,'54,74'29,'54,1,1,2,'::x_minus_y__rev_in1_rev_out1::prefix_if_negative,'54
71e02000,answer_only_keep,$,1,3767,37$67,3767,1,1,2,$::concat_yx__rev_in1_rev_out1::string_template,3767
74b9b0ec,answer_only_keep,[,1,16,22[38,16,1,6,2,[::abs_diff_2d__rev_in1_rev_out1::string_template|[::abs_diff__rev_in1_rev_out1::abs_plain|[::abs_diff__rev_in1_rev_out1::plain|[::abs_diff__rev_in1_rev_out1::prefix_if_negative|[::x_minus_y__rev_in1_rev_out1::abs_plain|[::y_minus_x__rev_in1_rev_out1::abs_plain,16|71
8158a14c,answer_only_keep,),1,46,49)03,46,1,1,2,)::x_minus_y__rev_in1_rev_out1::prefix_if_negative,)46|46
a19a75ba,answer_only_keep,#,1,2655,26#55,2655,1,1,2,#::concat_yx__rev_in1_rev_out1::string_template,2655
c7bcab48,answer_only_keep,#,1,5899,58#99,5899,1,1,2,#::concat_yx__rev_in1_rev_out1::string_template,5899
cde9f7ba,answer_only_keep,[,1,81,15[33,81,1,6,2,[::abs_diff_2d__rev_in1_rev_out1::string_template|[::abs_diff__rev_in1_rev_out1::abs_plain|[::abs_diff__rev_in1_rev_out1::plain|[::abs_diff__rev_in1_rev_out1::prefix_if_negative|[::x_minus_y__rev_in1_rev_out1::abs_plain|[::y_minus_x__rev_in1_rev_out1::abs_plain,81
d4b08884,answer_only_keep,$,1,2,80$13,2,1,3,2,$::max_mod_min__rev_in0_rev_out1::abs_plain|$::max_mod_min__rev_in0_rev_out1::plain|$::max_mod_min__rev_in0_rev_out1::prefix_if_negative,2|31
e8de8b47,answer_only_keep,$,1,1,57$56,1,1,3,2,$::max_mod_min__rev_in0_rev_out1::abs_plain|$::max_mod_min__rev_in0_rev_out1::plain|$::max_mod_min__rev_in0_rev_out1::prefix_if_negative,01|1|10
ef6bc241,answer_only_keep,$,1,$55,73$29,$55,1,1,2,$::x_minus_y__rev_in1_rev_out1::prefix_if_negative,$55
9a9f6025,exclude_suspect,-,2,-56,03-59,-56,1,1,13,-::abs_diff_2d_op_suffix__rev_in1_rev_out1::string_template,-5|-50|-56
d82f5933,exclude_suspect,*,3,86,91*94,86,1,3,5,*::x_plus_y__rev_in1_rev_out1::abs_plain|*::x_plus_y__rev_in1_rev_out1::plain|*::x_plus_y__rev_in1_rev_out1::prefix_if_negative,86
4aabfc3b,exclude_suspect,*,2,17,31*85,17,1,3,5,*::x_plus_y__rev_in1_rev_out1::abs_plain|*::x_plus_y__rev_in1_rev_out1::plain|*::x_plus_y__rev_in1_rev_out1::prefix_if_negative,17
d9a2b78f,exclude_suspect,*,2,901,74*26,901,1,3,5,*::x_plus_y__rev_in1_rev_out1::abs_plain|*::x_plus_y__rev_in1_rev_out1::plain|*::x_plus_y__rev_in1_rev_out1::prefix_if_negative,901
2bc2a65a,manual_audit_priority,+,4,701,14+66,701,1,3,31,+::x_plus_y__rev_in1_rev_out1::abs_plain|+::x_plus_y__rev_in1_rev_out1::plain|+::x_plus_y__rev_in1_rev_out1::prefix_if_negative,701
691f2f76,manual_audit_priority,+,4,331,57+85,331,1,3,31,+::x_plus_y__rev_in1_rev_out1::abs_plain|+::x_plus_y__rev_in1_rev_out1::plain|+::x_plus_y__rev_in1_rev_out1::prefix_if_negative,331
93481650,manual_audit_priority,+,4,04,42+61,04,1,3,31,+::x_plus_y__rev_in1_rev_out1::abs_plain|+::x_plus_y__rev_in1_rev_out1::plain|+::x_plus_y__rev_in1_rev_out1::prefix_if_negative,04
163db2d8,manual_audit_priority,+,3,851,58+37,851,1,3,31,+::x_plus_y__rev_in1_rev_out1::abs_plain|+::x_plus_y__rev_in1_rev_out1::plain|+::x_plus_y__rev_in1_rev_out1::prefix_if_negative,851
1f4c8169,manual_audit_priority,+,3,051,86+28,051,1,3,31,+::x_plus_y__rev_in1_rev_out1::abs_plain|+::x_plus_y__rev_in1_rev_out1::plain|+::x_plus_y__rev_in1_rev_out1::prefix_if_negative,051
3ec77e36,manual_audit_priority,+,3,601,86+83,601,1,3,31,+::x_plus_y__rev_in1_rev_out1::abs_plain|+::x_plus_y__rev_in1_rev_out1::plain|+::x_plus_y__rev_in1_rev_out1::prefix_if_negative,601
59b2cbbf,manual_audit_priority,+,3,211,83+47,211,1,3,31,+::x_plus_y__rev_in1_rev_out1::abs_plain|+::x_plus_y__rev_in1_rev_out1::plain|+::x_plus_y__rev_in1_rev_out1::prefix_if_negative,211
67de8e10,manual_audit_priority,+,3,071,69+47,071,1,3,31,+::x_plus_y__rev_in1_rev_out1::abs_plain|+::x_plus_y__rev_in1_rev_out1::plain|+::x_plus_y__rev_in1_rev_out1::prefix_if_negative,071
ed561f79,manual_audit_priority,+,3,38,41+96,38,1,3,31,+::x_plus_y__rev_in1_rev_out1::abs_plain|+::x_plus_y__rev_in1_rev_out1::plain|+::x_plus_y__rev_in1_rev_out1::prefix_if_negative,38
08d8d7e1,manual_audit_priority,+,2,88,65+23,88,1,3,31,+::x_plus_y__rev_in1_rev_out1::abs_plain|+::x_plus_y__rev_in1_rev_out1::plain|+::x_plus_y__rev_in1_rev_out1::prefix_if_negative,88
1497f970,manual_audit_priority,+,2,671,28+49,671,1,3,31,+::x_plus_y__rev_in1_rev_out1::abs_plain|+::x_plus_y__rev_in1_rev_out1::plain|+::x_plus_y__rev_in1_rev_out1::prefix_if_negative,671
26168be6,manual_audit_priority,+,2,99,23+76,99,1,3,31,+::x_plus_y__rev_in1_rev_out1::abs_plain|+::x_plus_y__rev_in1_rev_out1::plain|+::x_plus_y__rev_in1_rev_out1::prefix_if_negative,99
348d6225,manual_audit_priority,+,2,98,55+43,98,1,3,31,+::x_plus_y__rev_in1_rev_out1::abs_plain|+::x_plus_y__rev_in1_rev_out1::plain|+::x_plus_y__rev_in1_rev_out1::prefix_if_negative,98
3937cbf8,manual_audit_priority,+,2,46,84+61,46,1,3,31,+::x_plus_y__rev_in1_rev_out1::abs_plain|+::x_plus_y__rev_in1_rev_out1::plain|+::x_plus_y__rev_in1_rev_out1::prefix_if_negative,46
50c0b6f8,manual_audit_priority,+,2,921,96+06,921,1,3,31,+::x_plus_y__rev_in1_rev_out1::abs_plain|+::x_plus_y__rev_in1_rev_out1::plain|+::x_plus_y__rev_in1_rev_out1::prefix_if_negative,921
845e726e,manual_audit_priority,+,2,051,67+47,051,1,3,31,+::x_plus_y__rev_in1_rev_out1::abs_plain|+::x_plus_y__rev_in1_rev_out1::plain|+::x_plus_y__rev_in1_rev_out1::prefix_if_negative,051
94bf323a,manual_audit_priority,+,2,671,58+19,671,1,3,31,+::x_plus_y__rev_in1_rev_out1::abs_plain|+::x_plus_y__rev_in1_rev_out1::plain|+::x_plus_y__rev_in1_rev_out1::prefix_if_negative,671
c81411a2,manual_audit_priority,+,2,05,73+31,05,1,3,31,+::x_plus_y__rev_in1_rev_out1::abs_plain|+::x_plus_y__rev_in1_rev_out1::plain|+::x_plus_y__rev_in1_rev_out1::prefix_if_negative,05
d008b0b6,manual_audit_priority,+,2,131,37+85,131,1,3,31,+::x_plus_y__rev_in1_rev_out1::abs_plain|+::x_plus_y__rev_in1_rev_out1::plain|+::x_plus_y__rev_in1_rev_out1::prefix_if_negative,131
e9a84dd6,manual_audit_priority,+,2,771,97+89,771,1,3,31,+::x_plus_y__rev_in1_rev_out1::abs_plain|+::x_plus_y__rev_in1_rev_out1::plain|+::x_plus_y__rev_in1_rev_out1::prefix_if_negative,771
1f0674b0,manual_audit_priority,+,1,401,54+95,401,1,3,31,+::x_plus_y__rev_in1_rev_out1::abs_plain|+::x_plus_y__rev_in1_rev_out1::plain|+::x_plus_y__rev_in1_rev_out1::prefix_if_negative,401
3013265c,manual_audit_priority,+,1,36,92+43,36,1,3,31,+::x_plus_y__rev_in1_rev_out1::abs_plain|+::x_plus_y__rev_in1_rev_out1::plain|+::x_plus_y__rev_in1_rev_out1::prefix_if_negative,36
4cf073bf,manual_audit_priority,+,1,08,02+06,08,1,3,31,+::x_plus_y__rev_in1_rev_out1::abs_plain|+::x_plus_y__rev_in1_rev_out1::plain|+::x_plus_y__rev_in1_rev_out1::prefix_if_negative,08
4dbec546,manual_audit_priority,+,1,611,06+65,611,1,3,31,+::x_plus_y__rev_in1_rev_out1::abs_plain|+::x_plus_y__rev_in1_rev_out1::plain|+::x_plus_y__rev_in1_rev_out1::prefix_if_negative,611
50adc396,manual_audit_priority,+,1,931,15+88,931,1,3,31,+::x_plus_y__rev_in1_rev_out1::abs_plain|+::x_plus_y__rev_in1_rev_out1::plain|+::x_plus_y__rev_in1_rev_out1::prefix_if_negative,931
58f63e94,manual_audit_priority,+,1,501,85+74,501,1,3,31,+::x_plus_y__rev_in1_rev_out1::abs_plain|+::x_plus_y__rev_in1_rev_out1::plain|+::x_plus_y__rev_in1_rev_out1::prefix_if_negative,501
98a2636e,manual_audit_priority,+,1,001,36+73,001,1,3,31,+::x_plus_y__rev_in1_rev_out1::abs_plain|+::x_plus_y__rev_in1_rev_out1::plain|+::x_plus_y__rev_in1_rev_out1::prefix_if_negative,001
9d575da5,manual_audit_priority,+,1,111,32+88,111,1,3,31,+::x_plus_y__rev_in1_rev_out1::abs_plain|+::x_plus_y__rev_in1_rev_out1::plain|+::x_plus_y__rev_in1_rev_out1::prefix_if_negative,111
a5f3a1ea,manual_audit_priority,+,1,63,52+11,63,1,3,31,+::x_plus_y__rev_in1_rev_out1::abs_plain|+::x_plus_y__rev_in1_rev_out1::plain|+::x_plus_y__rev_in1_rev_out1::prefix_if_negative,63
a7454fdb,manual_audit_priority,+,1,831,74+19,831,1,3,31,+::x_plus_y__rev_in1_rev_out1::abs_plain|+::x_plus_y__rev_in1_rev_out1::plain|+::x_plus_y__rev_in1_rev_out1::prefix_if_negative,831
fd683004,manual_audit_priority,+,1,19,43+75,19,1,3,31,+::x_plus_y__rev_in1_rev_out1::abs_plain|+::x_plus_y__rev_in1_rev_out1::plain|+::x_plus_y__rev_in1_rev_out1::prefix_if_negative,19
68b9b9a8,manual_audit_priority,*,3,4734,45*18,4734,1,3,20,*::x_mul_y__rev_in1_rev_out1::abs_plain|*::x_mul_y__rev_in1_rev_out1::plain|*::x_mul_y__rev_in1_rev_out1::prefix_if_negative,4734
26dbd20d,manual_audit_priority,*,2,0374,55*68,0374,1,3,20,*::x_mul_y__rev_in1_rev_out1::abs_plain|*::x_mul_y__rev_in1_rev_out1::plain|*::x_mul_y__rev_in1_rev_out1::prefix_if_negative,0374
2ee39f5f,manual_audit_priority,*,2,0621,63*53,0621,1,3,20,*::x_mul_y__rev_in1_rev_out1::abs_plain|*::x_mul_y__rev_in1_rev_out1::plain|*::x_mul_y__rev_in1_rev_out1::prefix_if_negative,0621
330d5ef1,manual_audit_priority,*,2,0864,27*56,0864,1,3,20,*::x_mul_y__rev_in1_rev_out1::abs_plain|*::x_mul_y__rev_in1_rev_out1::plain|*::x_mul_y__rev_in1_rev_out1::prefix_if_negative,0864
4d39d098,manual_audit_priority,*,2,7434,96*36,7434,1,3,20,*::x_mul_y__rev_in1_rev_out1::abs_plain|*::x_mul_y__rev_in1_rev_out1::plain|*::x_mul_y__rev_in1_rev_out1::prefix_if_negative,7434
837af955,manual_audit_priority,*,2,0814,67*55,0814,1,3,20,*::x_mul_y__rev_in1_rev_out1::abs_plain|*::x_mul_y__rev_in1_rev_out1::plain|*::x_mul_y__rev_in1_rev_out1::prefix_if_negative,0814
88c93c2c,manual_audit_priority,*,2,2842,43*37,2842,1,3,20,*::x_mul_y__rev_in1_rev_out1::abs_plain|*::x_mul_y__rev_in1_rev_out1::plain|*::x_mul_y__rev_in1_rev_out1::prefix_if_negative,2842
adad547a,manual_audit_priority,*,2,0091,52*67,0091,1,3,20,*::x_mul_y__rev_in1_rev_out1::abs_plain|*::x_mul_y__rev_in1_rev_out1::plain|*::x_mul_y__rev_in1_rev_out1::prefix_if_negative,0091
b4f701f5,manual_audit_priority,*,2,2271,14*24,2271,1,3,20,*::x_mul_y__rev_in1_rev_out1::abs_plain|*::x_mul_y__rev_in1_rev_out1::plain|*::x_mul_y__rev_in1_rev_out1::prefix_if_negative,2271
c857a727,manual_audit_priority,*,2,429,66*41,429,1,3,20,*::x_mul_y__rev_in1_rev_out1::abs_plain|*::x_mul_y__rev_in1_rev_out1::plain|*::x_mul_y__rev_in1_rev_out1::prefix_if_negative,429
15a1d279,manual_audit_priority,*,1,0782,07*14,0782,1,3,20,*::x_mul_y__rev_in1_rev_out1::abs_plain|*::x_mul_y__rev_in1_rev_out1::plain|*::x_mul_y__rev_in1_rev_out1::prefix_if_negative,0782
4f0e0273,manual_audit_priority,*,1,5022,36*53,5022,1,3,20,*::x_mul_y__rev_in1_rev_out1::abs_plain|*::x_mul_y__rev_in1_rev_out1::plain|*::x_mul_y__rev_in1_rev_out1::prefix_if_negative,5022
794f71ed,manual_audit_priority,*,1,5432,53*76,5432,1,3,20,*::x_mul_y__rev_in1_rev_out1::abs_plain|*::x_mul_y__rev_in1_rev_out1::plain|*::x_mul_y__rev_in1_rev_out1::prefix_if_negative,5432
aaec36e0,manual_audit_priority,*,1,3201,39*11,3201,1,3,20,*::x_mul_y__rev_in1_rev_out1::abs_plain|*::x_mul_y__rev_in1_rev_out1::plain|*::x_mul_y__rev_in1_rev_out1::prefix_if_negative,3201
bdca0fac,manual_audit_priority,*,1,2925,45*89,2925,1,3,20,*::x_mul_y__rev_in1_rev_out1::abs_plain|*::x_mul_y__rev_in1_rev_out1::plain|*::x_mul_y__rev_in1_rev_out1::prefix_if_negative,2925
c0f32a1e,manual_audit_priority,*,1,085,92*02,085,1,3,20,*::x_mul_y__rev_in1_rev_out1::abs_plain|*::x_mul_y__rev_in1_rev_out1::plain|*::x_mul_y__rev_in1_rev_out1::prefix_if_negative,085
c9c26b92,manual_audit_priority,*,1,2151,24*63,2151,1,3,20,*::x_mul_y__rev_in1_rev_out1::abs_plain|*::x_mul_y__rev_in1_rev_out1::plain|*::x_mul_y__rev_in1_rev_out1::prefix_if_negative,2151
f2afd89d,manual_audit_priority,*,1,6102,84*24,6102,1,3,20,*::x_mul_y__rev_in1_rev_out1::abs_plain|*::x_mul_y__rev_in1_rev_out1::plain|*::x_mul_y__rev_in1_rev_out1::prefix_if_negative,6102
f93475e9,manual_audit_priority,*,1,4443,24*28,4443,1,3,20,*::x_mul_y__rev_in1_rev_out1::abs_plain|*::x_mul_y__rev_in1_rev_out1::plain|*::x_mul_y__rev_in1_rev_out1::prefix_if_negative,4443
f9ff29fa,manual_audit_priority,*,1,8482,23*98,8482,1,3,20,*::x_mul_y__rev_in1_rev_out1::abs_plain|*::x_mul_y__rev_in1_rev_out1::plain|*::x_mul_y__rev_in1_rev_out1::prefix_if_negative,8482
0819520a,manual_audit_priority,+,3,401,57+82,401,1,3,14,+::x_plus_y_plus1__rev_in1_rev_out1::abs_plain|+::x_plus_y_plus1__rev_in1_rev_out1::plain|+::x_plus_y_plus1__rev_in1_rev_out1::prefix_if_negative,401
40c53743,manual_audit_priority,*,3,7963,24*88,7963,1,3,14,*::x_mul_y_plus1__rev_in1_rev_out1::abs_plain|*::x_mul_y_plus1__rev_in1_rev_out1::plain|*::x_mul_y_plus1__rev_in1_rev_out1::prefix_if_negative,7963
7306613b,manual_audit_priority,+,3,251,79+65,251,1,3,14,+::x_plus_y_minus1__rev_in1_rev_out1::abs_plain|+::x_plus_y_minus1__rev_in1_rev_out1::plain|+::x_plus_y_minus1__rev_in1_rev_out1::prefix_if_negative,251
850dc715,manual_audit_priority,*,3,3395,96*68,3395,1,3,14,*::x_mul_y_minus1__rev_in1_rev_out1::abs_plain|*::x_mul_y_minus1__rev_in1_rev_out1::plain|*::x_mul_y_minus1__rev_in1_rev_out1::prefix_if_negative,3395
a9deb8b5,manual_audit_priority,*,3,0131,75*32,0131,1,3,14,*::x_mul_y_minus1__rev_in1_rev_out1::abs_plain|*::x_mul_y_minus1__rev_in1_rev_out1::plain|*::x_mul_y_minus1__rev_in1_rev_out1::prefix_if_negative,0131
cbe4288b,manual_audit_priority,+,3,411,38+23,411,1,3,14,+::x_plus_y_minus1__rev_in1_rev_out1::abs_plain|+::x_plus_y_minus1__rev_in1_rev_out1::plain|+::x_plus_y_minus1__rev_in1_rev_out1::prefix_if_negative,411
d44ef285,manual_audit_priority,*,3,988,01*98,988,1,3,14,*::x_mul_y_minus1__rev_in1_rev_out1::abs_plain|*::x_mul_y_minus1__rev_in1_rev_out1::plain|*::x_mul_y_minus1__rev_in1_rev_out1::prefix_if_negative,988
1580f498,manual_audit_priority,*,2,1554,05*19,1554,1,3,14,*::x_mul_y_plus1__rev_in1_rev_out1::abs_plain|*::x_mul_y_plus1__rev_in1_rev_out1::plain|*::x_mul_y_plus1__rev_in1_rev_out1::prefix_if_negative,1554
1ef51442,manual_audit_priority,*,2,8002,94*14,8002,1,3,14,*::x_mul_y_minus1__rev_in1_rev_out1::abs_plain|*::x_mul_y_minus1__rev_in1_rev_out1::plain|*::x_mul_y_minus1__rev_in1_rev_out1::prefix_if_negative,8002
2423926d,manual_audit_priority,+,2,48,33+25,48,1,3,14,+::x_plus_y_minus1__rev_in1_rev_out1::abs_plain|+::x_plus_y_minus1__rev_in1_rev_out1::plain|+::x_plus_y_minus1__rev_in1_rev_out1::prefix_if_negative,48
2e2d60b2,manual_audit_priority,+,2,07,85+11,07,1,3,14,+::x_plus_y_plus1__rev_in1_rev_out1::abs_plain|+::x_plus_y_plus1__rev_in1_rev_out1::plain|+::x_plus_y_plus1__rev_in1_rev_out1::prefix_if_negative,07
30763ac0,manual_audit_priority,+,2,041,79+44,041,1,3,14,+::x_plus_y_minus1__rev_in1_rev_out1::abs_plain|+::x_plus_y_minus1__rev_in1_rev_out1::plain|+::x_plus_y_minus1__rev_in1_rev_out1::prefix_if_negative,041
3c424916,manual_audit_priority,*,2,9351,82*55,9351,1,3,14,*::x_mul_y_minus1__rev_in1_rev_out1::abs_plain|*::x_mul_y_minus1__rev_in1_rev_out1::plain|*::x_mul_y_minus1__rev_in1_rev_out1::prefix_if_negative,9351
4a8eafe3,manual_audit_priority,*,2,5705,95*68,5705,1,3,14,*::x_mul_y_plus1__rev_in1_rev_out1::abs_plain|*::x_mul_y_plus1__rev_in1_rev_out1::plain|*::x_mul_y_plus1__rev_in1_rev_out1::prefix_if_negative,5705
51dafb5b,manual_audit_priority,*,2,9732,86*53,9732,1,3,14,*::x_mul_y_minus1__rev_in1_rev_out1::abs_plain|*::x_mul_y_minus1__rev_in1_rev_out1::plain|*::x_mul_y_minus1__rev_in1_rev_out1::prefix_if_negative,9732
5d8c51ce,manual_audit_priority,+,2,06,91+04,06,1,3,14,+::x_plus_y_plus1__rev_in1_rev_out1::abs_plain|+::x_plus_y_plus1__rev_in1_rev_out1::plain|+::x_plus_y_plus1__rev_in1_rev_out1::prefix_if_negative,06
5fe8d710,manual_audit_priority,+,2,281,59+68,281,1,3,14,+::x_plus_y_plus1__rev_in1_rev_out1::abs_plain|+::x_plus_y_plus1__rev_in1_rev_out1::plain|+::x_plus_y_plus1__rev_in1_rev_out1::prefix_if_negative,281
87a89786,manual_audit_priority,+,2,17,53+53,17,1,3,14,+::x_plus_y_plus1__rev_in1_rev_out1::abs_plain|+::x_plus_y_plus1__rev_in1_rev_out1::plain|+::x_plus_y_plus1__rev_in1_rev_out1::prefix_if_negative,17
87a902eb,manual_audit_priority,*,2,047,75*31,047,1,3,14,*::x_mul_y_minus1__rev_in1_rev_out1::abs_plain|*::x_mul_y_minus1__rev_in1_rev_out1::plain|*::x_mul_y_minus1__rev_in1_rev_out1::prefix_if_negative,047
88fe5a52,manual_audit_priority,*,2,8065,97*17,8065,1,3,14,*::x_mul_y_minus1__rev_in1_rev_out1::abs_plain|*::x_mul_y_minus1__rev_in1_rev_out1::plain|*::x_mul_y_minus1__rev_in1_rev_out1::prefix_if_negative,8065
912d2b79,manual_audit_priority,+,2,901,08+03,901,1,3,14,+::x_plus_y_minus1__rev_in1_rev_out1::abs_plain|+::x_plus_y_minus1__rev_in1_rev_out1::plain|+::x_plus_y_minus1__rev_in1_rev_out1::prefix_if_negative,901
98bb54f7,manual_audit_priority,*,2,5846,96*49,5846,1,3,14,*::x_mul_y_minus1__rev_in1_rev_out1::abs_plain|*::x_mul_y_minus1__rev_in1_rev_out1::plain|*::x_mul_y_minus1__rev_in1_rev_out1::prefix_if_negative,5846
a311baec,manual_audit_priority,+,2,521,26+46,521,1,3,14,+::x_plus_y_minus1__rev_in1_rev_out1::abs_plain|+::x_plus_y_minus1__rev_in1_rev_out1::plain|+::x_plus_y_minus1__rev_in1_rev_out1::prefix_if_negative,521
a928ad6e,manual_audit_priority,+,2,611,13+68,611,1,3,14,+::x_plus_y_minus1__rev_in1_rev_out1::abs_plain|+::x_plus_y_minus1__rev_in1_rev_out1::plain|+::x_plus_y_minus1__rev_in1_rev_out1::prefix_if_negative,611
c748b04f,manual_audit_priority,+,2,651,97+67,651,1,3,14,+::x_plus_y_plus1__rev_in1_rev_out1::abs_plain|+::x_plus_y_plus1__rev_in1_rev_out1::plain|+::x_plus_y_plus1__rev_in1_rev_out1::prefix_if_negative,651
c9151e86,manual_audit_priority,*,2,9421,69*31,9421,1,3,14,*::x_mul_y_plus1__rev_in1_rev_out1::abs_plain|*::x_mul_y_plus1__rev_in1_rev_out1::plain|*::x_mul_y_plus1__rev_in1_rev_out1::prefix_if_negative,9421
d033513f,manual_audit_priority,+,2,93,91+12,93,1,3,14,+::x_plus_y_minus1__rev_in1_rev_out1::abs_plain|+::x_plus_y_minus1__rev_in1_rev_out1::plain|+::x_plus_y_minus1__rev_in1_rev_out1::prefix_if_negative,93
d4483d51,manual_audit_priority,*,2,3752,33*87,3752,1,3,14,*::x_mul_y_minus1__rev_in1_rev_out1::abs_plain|*::x_mul_y_minus1__rev_in1_rev_out1::plain|*::x_mul_y_minus1__rev_in1_rev_out1::prefix_if_negative,3752
fc799f0a,manual_audit_priority,+,2,021,37+84,021,1,3,14,+::x_plus_y_minus1__rev_in1_rev_out1::abs_plain|+::x_plus_y_minus1__rev_in1_rev_out1::plain|+::x_plus_y_minus1__rev_in1_rev_out1::prefix_if_negative,021
25f2f2cd,manual_audit_priority,+,1,901,15+75,901,1,3,14,+::x_plus_y_plus1__rev_in1_rev_out1::abs_plain|+::x_plus_y_plus1__rev_in1_rev_out1::plain|+::x_plus_y_plus1__rev_in1_rev_out1::prefix_if_negative,901
2d3e809c,manual_audit_priority,*,1,9264,25*98,9264,1,3,14,*::x_mul_y_plus1__rev_in1_rev_out1::abs_plain|*::x_mul_y_plus1__rev_in1_rev_out1::plain|*::x_mul_y_plus1__rev_in1_rev_out1::prefix_if_negative,9264
30c0d5a2,manual_audit_priority,+,1,76,22+44,76,1,3,14,+::x_plus_y_plus1__rev_in1_rev_out1::abs_plain|+::x_plus_y_plus1__rev_in1_rev_out1::plain|+::x_plus_y_plus1__rev_in1_rev_out1::prefix_if_negative,67|76
3b9e33f6,manual_audit_priority,+,1,501,31+39,501,1,3,14,+::x_plus_y_minus1__rev_in1_rev_out1::abs_plain|+::x_plus_y_minus1__rev_in1_rev_out1::plain|+::x_plus_y_minus1__rev_in1_rev_out1::prefix_if_negative,105|501
418895f5,manual_audit_priority,*,1,1243,85*95,1243,1,3,14,*::x_mul_y_minus1__rev_in1_rev_out1::abs_plain|*::x_mul_y_minus1__rev_in1_rev_out1::plain|*::x_mul_y_minus1__rev_in1_rev_out1::prefix_if_negative,1243
42cb233d,manual_audit_priority,+,1,881,59+29,881,1,3,14,+::x_plus_y_plus1__rev_in1_rev_out1::abs_plain|+::x_plus_y_plus1__rev_in1_rev_out1::plain|+::x_plus_y_plus1__rev_in1_rev_out1::prefix_if_negative,881
4350015c,manual_audit_priority,*,1,6461,16*72,6461,1,3,14,*::x_mul_y_minus1__rev_in1_rev_out1::abs_plain|*::x_mul_y_minus1__rev_in1_rev_out1::plain|*::x_mul_y_minus1__rev_in1_rev_out1::prefix_if_negative,6461
49578b02,manual_audit_priority,+,1,39,07+22,39,1,3,14,+::x_plus_y_plus1__rev_in1_rev_out1::abs_plain|+::x_plus_y_plus1__rev_in1_rev_out1::plain|+::x_plus_y_plus1__rev_in1_rev_out1::prefix_if_negative,39
49743645,manual_audit_priority,*,1,1396,99*07,1396,1,3,14,*::x_mul_y_plus1__rev_in1_rev_out1::abs_plain|*::x_mul_y_plus1__rev_in1_rev_out1::plain|*::x_mul_y_plus1__rev_in1_rev_out1::prefix_if_negative,1396
4a569495,manual_audit_priority,+,1,47,53+04,47,1,3,14,+::x_plus_y_minus1__rev_in1_rev_out1::abs_plain|+::x_plus_y_minus1__rev_in1_rev_out1::plain|+::x_plus_y_minus1__rev_in1_rev_out1::prefix_if_negative,47
55954e3c,manual_audit_priority,*,1,0685,39*36,0685,1,3,14,*::x_mul_y_plus1__rev_in1_rev_out1::abs_plain|*::x_mul_y_plus1__rev_in1_rev_out1::plain|*::x_mul_y_plus1__rev_in1_rev_out1::prefix_if_negative,0685
56343b77,manual_audit_priority,+,1,711,17+74,711,1,3,14,+::x_plus_y_minus1__rev_in1_rev_out1::abs_plain|+::x_plus_y_minus1__rev_in1_rev_out1::plain|+::x_plus_y_minus1__rev_in1_rev_out1::prefix_if_negative,711
5d44a0b2,manual_audit_priority,*,1,8035,78*16,8035,1,3,14,*::x_mul_y_plus1__rev_in1_rev_out1::abs_plain|*::x_mul_y_plus1__rev_in1_rev_out1::plain|*::x_mul_y_plus1__rev_in1_rev_out1::prefix_if_negative,8035
620c2521,manual_audit_priority,*,1,936,85*11,936,1,3,14,*::x_mul_y_plus1__rev_in1_rev_out1::abs_plain|*::x_mul_y_plus1__rev_in1_rev_out1::plain|*::x_mul_y_plus1__rev_in1_rev_out1::prefix_if_negative,936
65c52214,manual_audit_priority,*,1,1593,67*25,1593,1,3,14,*::x_mul_y_minus1__rev_in1_rev_out1::abs_plain|*::x_mul_y_minus1__rev_in1_rev_out1::plain|*::x_mul_y_minus1__rev_in1_rev_out1::prefix_if_negative,1593
8bc66fd7,manual_audit_priority,*,1,7432,64*15,7432,1,3,14,*::x_mul_y_plus1__rev_in1_rev_out1::abs_plain|*::x_mul_y_plus1__rev_in1_rev_out1::plain|*::x_mul_y_plus1__rev_in1_rev_out1::prefix_if_negative,7432
913fdf86,manual_audit_priority,+,1,15,72+32,15,1,3,14,+::x_plus_y_plus1__rev_in1_rev_out1::abs_plain|+::x_plus_y_plus1__rev_in1_rev_out1::plain|+::x_plus_y_plus1__rev_in1_rev_out1::prefix_if_negative,15
94b92001,manual_audit_priority,+,1,801,95+05,801,1,3,14,+::x_plus_y_minus1__rev_in1_rev_out1::abs_plain|+::x_plus_y_minus1__rev_in1_rev_out1::plain|+::x_plus_y_minus1__rev_in1_rev_out1::prefix_if_negative,801
ac262f12,manual_audit_priority,*,1,8362,19*92,8362,1,3,14,*::x_mul_y_minus1__rev_in1_rev_out1::abs_plain|*::x_mul_y_minus1__rev_in1_rev_out1::plain|*::x_mul_y_minus1__rev_in1_rev_out1::prefix_if_negative,8362
b4a15ca6,manual_audit_priority,+,1,301,16+34,301,1,3,14,+::x_plus_y_minus1__rev_in1_rev_out1::abs_plain|+::x_plus_y_minus1__rev_in1_rev_out1::plain|+::x_plus_y_minus1__rev_in1_rev_out1::prefix_if_negative,301
c06e61a2,manual_audit_priority,+,1,29,34+84,29,1,3,14,+::x_plus_y_plus1__rev_in1_rev_out1::abs_plain|+::x_plus_y_plus1__rev_in1_rev_out1::plain|+::x_plus_y_plus1__rev_in1_rev_out1::prefix_if_negative,29
cd149ff8,manual_audit_priority,+,1,921,53+39,921,1,3,14,+::x_plus_y_plus1__rev_in1_rev_out1::abs_plain|+::x_plus_y_plus1__rev_in1_rev_out1::plain|+::x_plus_y_plus1__rev_in1_rev_out1::prefix_if_negative,921
d303ae8e,manual_audit_priority,+,1,39,86+42,39,1,3,14,+::x_plus_y_plus1__rev_in1_rev_out1::abs_plain|+::x_plus_y_plus1__rev_in1_rev_out1::plain|+::x_plus_y_plus1__rev_in1_rev_out1::prefix_if_negative,39
dd626fd0,manual_audit_priority,*,1,1671,08*22,1671,1,3,14,*::x_mul_y_plus1__rev_in1_rev_out1::abs_plain|*::x_mul_y_plus1__rev_in1_rev_out1::plain|*::x_mul_y_plus1__rev_in1_rev_out1::prefix_if_negative,1671
e5d4eeb8,manual_audit_priority,*,1,1162,92*09,1162,1,3,14,*::x_mul_y_plus1__rev_in1_rev_out1::abs_plain|*::x_mul_y_plus1__rev_in1_rev_out1::plain|*::x_mul_y_plus1__rev_in1_rev_out1::prefix_if_negative,1162
eafc7e67,manual_audit_priority,*,1,9044,85*67,9044,1,3,14,*::x_mul_y_plus1__rev_in1_rev_out1::abs_plain|*::x_mul_y_plus1__rev_in1_rev_out1::plain|*::x_mul_y_plus1__rev_in1_rev_out1::prefix_if_negative,9044
ec694941,manual_audit_priority,*,1,1261,54*63,1261,1,3,14,*::x_mul_y_plus1__rev_in1_rev_out1::abs_plain|*::x_mul_y_plus1__rev_in1_rev_out1::plain|*::x_mul_y_plus1__rev_in1_rev_out1::prefix_if_negative,1261
0641ef58,manual_audit_priority,-,3,-35,54-89,-35,1,1,13,-::abs_diff_2d_op_suffix__rev_in1_rev_out1::string_template,-35
7ac90433,manual_audit_priority,-,3,-23,48-25,-23,1,1,13,-::abs_diff_2d_op_suffix__rev_in1_rev_out1::string_template,-23|23
2dd48cac,manual_audit_priority,-,1,-05,22-27,-05,1,1,13,-::abs_diff_2d_op_suffix__rev_in1_rev_out1::string_template,-05|05
45dbc1cc,manual_audit_priority,-,1,-35,98-63,-35,1,1,13,-::abs_diff_2d_op_suffix__rev_in1_rev_out1::string_template,-35
4cb5e927,manual_audit_priority,-,1,-20,69-49,-20,1,1,13,-::abs_diff_2d_op_suffix__rev_in1_rev_out1::string_template,-2|-20|-49|-97|2
8c1529e1,manual_audit_priority,-,1,-52,65-18,-52,1,1,13,-::abs_diff_2d_op_suffix__rev_in1_rev_out1::string_template,-52
5bc9b870,manual_audit_priority,<,2,621,24<48,621,1,3,6,<::x_plus_y__rev_in1_rev_out1::abs_plain|<::x_plus_y__rev_in1_rev_out1::plain|<::x_plus_y__rev_in1_rev_out1::prefix_if_negative,621
b4a5076f,manual_audit_priority,<,2,75,62<13,75,1,3,6,<::x_plus_y__rev_in1_rev_out1::abs_plain|<::x_plus_y__rev_in1_rev_out1::plain|<::x_plus_y__rev_in1_rev_out1::prefix_if_negative,75
f3cecf2f,manual_audit_priority,<,2,031,33<79,031,1,3,6,<::x_plus_y__rev_in1_rev_out1::abs_plain|<::x_plus_y__rev_in1_rev_out1::plain|<::x_plus_y__rev_in1_rev_out1::prefix_if_negative,031
6d3b9da4,manual_audit_priority,<,1,99,67<32,99,1,3,6,<::x_plus_y__rev_in1_rev_out1::abs_plain|<::x_plus_y__rev_in1_rev_out1::plain|<::x_plus_y__rev_in1_rev_out1::prefix_if_negative,99
e5956ffa,manual_audit_priority,<,1,821,53<39,821,1,3,6,<::x_plus_y__rev_in1_rev_out1::abs_plain|<::x_plus_y__rev_in1_rev_out1::plain|<::x_plus_y__rev_in1_rev_out1::prefix_if_negative,821
fa7426d3,manual_audit_priority,<,1,65,14<51,65,1,3,6,<::x_plus_y__rev_in1_rev_out1::abs_plain|<::x_plus_y__rev_in1_rev_out1::plain|<::x_plus_y__rev_in1_rev_out1::prefix_if_negative,65
3b51288b,manual_audit_priority,%,3,0592,95%05,0592,1,3,5,%::x_mul_y__rev_in1_rev_out1::abs_plain|%::x_mul_y__rev_in1_rev_out1::plain|%::x_mul_y__rev_in1_rev_out1::prefix_if_negative,0592
69197d42,manual_audit_priority,%,3,4662,27%73,4662,1,3,5,%::x_mul_y__rev_in1_rev_out1::abs_plain|%::x_mul_y__rev_in1_rev_out1::plain|%::x_mul_y__rev_in1_rev_out1::prefix_if_negative,4662
6c9e4485,manual_audit_priority,%,3,6253,28%34,6253,1,3,5,%::x_mul_y__rev_in1_rev_out1::abs_plain|%::x_mul_y__rev_in1_rev_out1::plain|%::x_mul_y__rev_in1_rev_out1::prefix_if_negative,6253
ce507d39,manual_audit_priority,%,2,2861,85%92,2861,1,3,5,%::x_mul_y__rev_in1_rev_out1::abs_plain|%::x_mul_y__rev_in1_rev_out1::plain|%::x_mul_y__rev_in1_rev_out1::prefix_if_negative,2861
026106f5,manual_audit_priority,*,1,631,75*97,631,1,3,5,*::x_plus_y__rev_in1_rev_out1::abs_plain|*::x_plus_y__rev_in1_rev_out1::plain|*::x_plus_y__rev_in1_rev_out1::prefix_if_negative,631
3acfa7a4,manual_audit_priority,%,1,6651,45%92,6651,1,3,5,%::x_mul_y__rev_in1_rev_out1::abs_plain|%::x_mul_y__rev_in1_rev_out1::plain|%::x_mul_y__rev_in1_rev_out1::prefix_if_negative,6651
759cbdde,manual_audit_priority,*,1,211,84*46,211,1,3,5,*::x_plus_y__rev_in1_rev_out1::abs_plain|*::x_plus_y__rev_in1_rev_out1::plain|*::x_plus_y__rev_in1_rev_out1::prefix_if_negative,112|211
2e044d8e,manual_audit_priority,@,2,5233,53@59,5233,1,3,4,@::x_mul_y__rev_in1_rev_out1::abs_plain|@::x_mul_y__rev_in1_rev_out1::plain|@::x_mul_y__rev_in1_rev_out1::prefix_if_negative,5233
e4b6ce82,manual_audit_priority,@,2,669,24@32,669,1,3,4,@::x_mul_y__rev_in1_rev_out1::abs_plain|@::x_mul_y__rev_in1_rev_out1::plain|@::x_mul_y__rev_in1_rev_out1::prefix_if_negative,669
76b79a0c,manual_audit_priority,@,1,2192,23@19,2192,1,3,4,@::x_mul_y__rev_in1_rev_out1::abs_plain|@::x_mul_y__rev_in1_rev_out1::plain|@::x_mul_y__rev_in1_rev_out1::prefix_if_negative,2192
9ae3b78e,manual_audit_priority,@,1,5214,57@55,5214,1,3,4,@::x_mul_y__rev_in1_rev_out1::abs_plain|@::x_mul_y__rev_in1_rev_out1::plain|@::x_mul_y__rev_in1_rev_out1::prefix_if_negative,5214
3c12aeb9,manual_audit_priority,$,3,321,27$15,321,1,3,3,$::x_plus_y__rev_in1_rev_out1::abs_plain|$::x_plus_y__rev_in1_rev_out1::plain|$::x_plus_y__rev_in1_rev_out1::prefix_if_negative,321
10ff9431,manual_audit_priority,"""",2,0271,"02""68",0271,1,3,3,"""::x_mul_y__rev_in1_rev_out1::abs_plain|""::x_mul_y__rev_in1_rev_out1::plain|""::x_mul_y__rev_in1_rev_out1::prefix_if_negative",0271
7a962e17,manual_audit_priority,/,2,361,77/68,361,1,3,3,/::x_plus_y__rev_in1_rev_out1::abs_plain|/::x_plus_y__rev_in1_rev_out1::plain|/::x_plus_y__rev_in1_rev_out1::prefix_if_negative,361
9e5d97de,manual_audit_priority,-,2,79,48-31,79,1,3,3,-::x_plus_y__rev_in1_rev_out1::abs_plain|-::x_plus_y__rev_in1_rev_out1::plain|-::x_plus_y__rev_in1_rev_out1::prefix_if_negative,79
d78ce112,manual_audit_priority,\,2,7042,38\92,7042,1,3,3,\::x_mul_y__rev_in1_rev_out1::abs_plain|\::x_mul_y__rev_in1_rev_out1::plain|\::x_mul_y__rev_in1_rev_out1::prefix_if_negative,7042
11f62c83,manual_audit_priority,$,1,951,98$07,951,1,3,3,$::x_plus_y__rev_in1_rev_out1::abs_plain|$::x_plus_y__rev_in1_rev_out1::plain|$::x_plus_y__rev_in1_rev_out1::prefix_if_negative,951
17c98340,manual_audit_priority,},1,731,78}05,731,1,3,3,}::x_plus_y__rev_in1_rev_out1::abs_plain|}::x_plus_y__rev_in1_rev_out1::plain|}::x_plus_y__rev_in1_rev_out1::prefix_if_negative,137|731
1d92ba5d,manual_audit_priority,&,1,511,59&02,511,1,3,3,&::x_plus_y__rev_in1_rev_out1::abs_plain|&::x_plus_y__rev_in1_rev_out1::plain|&::x_plus_y__rev_in1_rev_out1::prefix_if_negative,511
3c8a4e7c,manual_audit_priority,\,1,615,21\34,615,1,3,3,\::x_mul_y__rev_in1_rev_out1::abs_plain|\::x_mul_y__rev_in1_rev_out1::plain|\::x_mul_y__rev_in1_rev_out1::prefix_if_negative,615
5d834875,manual_audit_priority,-,1,25,91-33,25,1,3,3,-::x_plus_y__rev_in1_rev_out1::abs_plain|-::x_plus_y__rev_in1_rev_out1::plain|-::x_plus_y__rev_in1_rev_out1::prefix_if_negative,25
5f5a73ff,manual_audit_priority,"""",1,0897,"59""48",0897,1,3,3,"""::x_mul_y__rev_in1_rev_out1::abs_plain|""::x_mul_y__rev_in1_rev_out1::plain|""::x_mul_y__rev_in1_rev_out1::prefix_if_negative",0897
902da958,manual_audit_priority,/,1,761,38/48,761,1,3,3,/::x_plus_y__rev_in1_rev_out1::abs_plain|/::x_plus_y__rev_in1_rev_out1::plain|/::x_plus_y__rev_in1_rev_out1::prefix_if_negative,761
912c6ea5,manual_audit_priority,},1,071,47}69,071,1,3,3,}::x_plus_y__rev_in1_rev_out1::abs_plain|}::x_plus_y__rev_in1_rev_out1::plain|}::x_plus_y__rev_in1_rev_out1::prefix_if_negative,071
b3ae7f39,manual_audit_priority,},1,801,08}82,801,1,3,3,}::x_plus_y__rev_in1_rev_out1::abs_plain|}::x_plus_y__rev_in1_rev_out1::plain|}::x_plus_y__rev_in1_rev_out1::prefix_if_negative,801
bc7f14d1,manual_audit_priority,&,1,151,79&45,151,1,3,3,&::x_plus_y__rev_in1_rev_out1::abs_plain|&::x_plus_y__rev_in1_rev_out1::plain|&::x_plus_y__rev_in1_rev_out1::prefix_if_negative,151
cc800930,manual_audit_priority,/,1,131,59/63,131,1,3,3,/::x_plus_y__rev_in1_rev_out1::abs_plain|/::x_plus_y__rev_in1_rev_out1::plain|/::x_plus_y__rev_in1_rev_out1::prefix_if_negative,131
d8a47cb7,manual_audit_priority,&,1,49,92&56,49,1,3,3,&::x_plus_y__rev_in1_rev_out1::abs_plain|&::x_plus_y__rev_in1_rev_out1::plain|&::x_plus_y__rev_in1_rev_out1::prefix_if_negative,49
ddb9aafd,manual_audit_priority,"""",1,5544,"55""18",5544,1,3,3,"""::x_mul_y__rev_in1_rev_out1::abs_plain|""::x_mul_y__rev_in1_rev_out1::plain|""::x_mul_y__rev_in1_rev_out1::prefix_if_negative",5544
f299569f,manual_audit_priority,\,1,7992,18\73,7992,1,3,3,\::x_mul_y__rev_in1_rev_out1::abs_plain|\::x_mul_y__rev_in1_rev_out1::plain|\::x_mul_y__rev_in1_rev_out1::prefix_if_negative,7992
f96e1e6e,manual_audit_priority,-,1,041,85-28,041,1,3,3,-::x_plus_y__rev_in1_rev_out1::abs_plain|-::x_plus_y__rev_in1_rev_out1::plain|-::x_plus_y__rev_in1_rev_out1::prefix_if_negative,041|140
fecad63c,manual_audit_priority,$,1,09,56$52,09,1,3,3,$::x_plus_y__rev_in1_rev_out1::abs_plain|$::x_plus_y__rev_in1_rev_out1::plain|$::x_plus_y__rev_in1_rev_out1::prefix_if_negative,09
44398869,manual_audit_priority,^,4,5913,54^17,5913,1,3,2,^::x_mul_y__rev_in1_rev_out1::abs_plain|^::x_mul_y__rev_in1_rev_out1::plain|^::x_mul_y__rev_in1_rev_out1::prefix_if_negative,5913
5aeb4ba5,manual_audit_priority,>,4,3985,17>38,3985,1,3,2,>::x_mul_y__rev_in1_rev_out1::abs_plain|>::x_mul_y__rev_in1_rev_out1::plain|>::x_mul_y__rev_in1_rev_out1::prefix_if_negative,3985
114a8d85,manual_audit_priority,>,3,221,48>83,221,1,3,2,>::x_plus_y__rev_in1_rev_out1::abs_plain|>::x_plus_y__rev_in1_rev_out1::plain|>::x_plus_y__rev_in1_rev_out1::prefix_if_negative,221
1861c08f,manual_audit_priority,:,3,3001,71:95,3001,1,3,2,:::x_mul_y__rev_in1_rev_out1::abs_plain|:::x_mul_y__rev_in1_rev_out1::plain|:::x_mul_y__rev_in1_rev_out1::prefix_if_negative,3001
1cb4d524,manual_audit_priority,!,3,6314,74!88,6314,1,3,2,!::x_mul_y__rev_in1_rev_out1::abs_plain|!::x_mul_y__rev_in1_rev_out1::plain|!::x_mul_y__rev_in1_rev_out1::prefix_if_negative,6314
22288152,manual_audit_priority,{,3,081,98{19,081,1,3,2,{::x_plus_y__rev_in1_rev_out1::abs_plain|{::x_plus_y__rev_in1_rev_out1::plain|{::x_plus_y__rev_in1_rev_out1::prefix_if_negative,081
2fb20366,manual_audit_priority,),3,147,91)93,147,1,3,2,)::x_mul_y__rev_in1_rev_out1::abs_plain|)::x_mul_y__rev_in1_rev_out1::plain|)::x_mul_y__rev_in1_rev_out1::prefix_if_negative,147
764b4288,manual_audit_priority,^,3,72,49^76,72,1,5,2,^::abs_diff__rev_in1_rev_out1::abs_plain|^::abs_diff__rev_in1_rev_out1::plain|^::abs_diff__rev_in1_rev_out1::prefix_if_negative|^::x_minus_y__rev_in1_rev_out1::abs_plain|^::y_minus_x__rev_in1_rev_out1::abs_plain,72
79acd75c,manual_audit_priority,),3,8613,99)23,8613,1,3,2,)::x_mul_y__rev_in1_rev_out1::abs_plain|)::x_mul_y__rev_in1_rev_out1::plain|)::x_mul_y__rev_in1_rev_out1::prefix_if_negative,8613
7ecdae14,manual_audit_priority,!,3,4361,17!32,4361,1,3,2,!::x_mul_y_plus1__rev_in1_rev_out1::abs_plain|!::x_mul_y_plus1__rev_in1_rev_out1::plain|!::x_mul_y_plus1__rev_in1_rev_out1::prefix_if_negative,4361
84030b0b,manual_audit_priority,),3,24,36)12,24,1,1,2,)::x_minus_y__rev_in1_rev_out1::prefix_if_negative,24
9d7af57b,manual_audit_priority,`,3,89,33`56,89,1,3,2,`::x_plus_y__rev_in1_rev_out1::abs_plain|`::x_plus_y__rev_in1_rev_out1::plain|`::x_plus_y__rev_in1_rev_out1::prefix_if_negative,89
f66f0fe0,manual_audit_priority,{,3,7793,14{79,7793,1,3,2,{::x_mul_y__rev_in1_rev_out1::abs_plain|{::x_mul_y__rev_in1_rev_out1::plain|{::x_mul_y__rev_in1_rev_out1::prefix_if_negative,7793
207ab66f,manual_audit_priority,{,2,2815,17{37,2815,1,3,2,{::x_mul_y_minus1__rev_in1_rev_out1::abs_plain|{::x_mul_y_minus1__rev_in1_rev_out1::plain|{::x_mul_y_minus1__rev_in1_rev_out1::prefix_if_negative,2815
25eb7b03,manual_audit_priority,#,2,23,54#31,23,1,1,2,#::x_minus_y__rev_in1_rev_out1::prefix_if_negative,#23|#31|#6|#60|23
35672155,manual_audit_priority,:,2,4284,76:27,4284,1,3,2,:::x_mul_y__rev_in1_rev_out1::abs_plain|:::x_mul_y__rev_in1_rev_out1::plain|:::x_mul_y__rev_in1_rev_out1::prefix_if_negative,4284
4b70414e,manual_audit_priority,#,2,1913,48#83,1913,1,3,2,#::x_mul_y_minus1__rev_in1_rev_out1::abs_plain|#::x_mul_y_minus1__rev_in1_rev_out1::plain|#::x_mul_y_minus1__rev_in1_rev_out1::prefix_if_negative,1913
4f8da43f,manual_audit_priority,>,2,46,82>63,46,1,3,2,>::x_plus_y__rev_in1_rev_out1::abs_plain|>::x_plus_y__rev_in1_rev_out1::plain|>::x_plus_y__rev_in1_rev_out1::prefix_if_negative,46
5e67b1a1,manual_audit_priority,{,2,63,32{31,63,1,3,2,{::x_plus_y__rev_in1_rev_out1::abs_plain|{::x_plus_y__rev_in1_rev_out1::plain|{::x_plus_y__rev_in1_rev_out1::prefix_if_negative,63
6bd59a1f,manual_audit_priority,$,2,7241,82$15,7241,1,3,2,$::x_mul_y_minus1__rev_in1_rev_out1::abs_plain|$::x_mul_y_minus1__rev_in1_rev_out1::plain|$::x_mul_y_minus1__rev_in1_rev_out1::prefix_if_negative,7241
6cd73bdd,manual_audit_priority,{,2,6895,37{28,6895,1,3,2,{::x_mul_y__rev_in1_rev_out1::abs_plain|{::x_mul_y__rev_in1_rev_out1::plain|{::x_mul_y__rev_in1_rev_out1::prefix_if_negative,6895
75eaf687,manual_audit_priority,',2,96,79'82,96,1,1,2,'::x_minus_y__rev_in1_rev_out1::prefix_if_negative,31|96
836d6c4a,manual_audit_priority,>,2,5643,99>53,5643,1,3,2,>::x_mul_y__rev_in1_rev_out1::abs_plain|>::x_mul_y__rev_in1_rev_out1::plain|>::x_mul_y__rev_in1_rev_out1::prefix_if_negative,5643
9f2fae58,manual_audit_priority,$,2,7272,88$13,7272,1,3,2,$::x_mul_y_minus1__rev_in1_rev_out1::abs_plain|$::x_mul_y_minus1__rev_in1_rev_out1::plain|$::x_mul_y_minus1__rev_in1_rev_out1::prefix_if_negative,7272
a23e7ecb,manual_audit_priority,`,2,847,71`44,847,1,3,2,`::x_mul_y__rev_in1_rev_out1::abs_plain|`::x_mul_y__rev_in1_rev_out1::plain|`::x_mul_y__rev_in1_rev_out1::prefix_if_negative,847
bd4c584a,manual_audit_priority,$,2,0491,02$79,0491,1,3,2,$::x_mul_y__rev_in1_rev_out1::abs_plain|$::x_mul_y__rev_in1_rev_out1::plain|$::x_mul_y__rev_in1_rev_out1::prefix_if_negative,0491
ead8fe28,manual_audit_priority,`,2,141,74`49,141,1,3,2,`::x_plus_y__rev_in1_rev_out1::abs_plain|`::x_plus_y__rev_in1_rev_out1::plain|`::x_plus_y__rev_in1_rev_out1::prefix_if_negative,141
01cd504a,manual_audit_priority,/,1,6644,85/77,6644,1,3,2,/::x_mul_y__rev_in1_rev_out1::abs_plain|/::x_mul_y__rev_in1_rev_out1::plain|/::x_mul_y__rev_in1_rev_out1::prefix_if_negative,6644
14905278,manual_audit_priority,<,1,5935,38<56,5935,1,3,2,<::x_mul_y__rev_in1_rev_out1::abs_plain|<::x_mul_y__rev_in1_rev_out1::plain|<::x_mul_y__rev_in1_rev_out1::prefix_if_negative,5935
21519be7,manual_audit_priority,@,1,35,82@52,35,1,3,2,@::x_plus_y__rev_in1_rev_out1::abs_plain|@::x_plus_y__rev_in1_rev_out1::plain|@::x_plus_y__rev_in1_rev_out1::prefix_if_negative,35|431
379d18b7,manual_audit_priority,!,1,2101,22!64,2101,1,3,2,!::x_mul_y__rev_in1_rev_out1::abs_plain|!::x_mul_y__rev_in1_rev_out1::plain|!::x_mul_y__rev_in1_rev_out1::prefix_if_negative,2101
3b7e71b2,manual_audit_priority,!,1,3285,17!28,3285,1,3,2,!::x_mul_y_plus1__rev_in1_rev_out1::abs_plain|!::x_mul_y_plus1__rev_in1_rev_out1::plain|!::x_mul_y_plus1__rev_in1_rev_out1::prefix_if_negative,3285
47dc6570,manual_audit_priority,#,1,22,48#26,22,1,1,2,#::x_minus_y__rev_in1_rev_out1::prefix_if_negative,#22|#48|22
4f660f4b,manual_audit_priority,[,1,6554,76[86,6554,1,3,2,[::x_mul_y__rev_in1_rev_out1::abs_plain|[::x_mul_y__rev_in1_rev_out1::plain|[::x_mul_y__rev_in1_rev_out1::prefix_if_negative,6554
50630ad8,manual_audit_priority,$,1,$85,51$37,$85,1,1,2,$::x_minus_y__rev_in1_rev_out1::prefix_if_negative,$85|85|85-
61766c6f,manual_audit_priority,[,1,2572,46[34,2572,1,3,2,[::x_mul_y__rev_in1_rev_out1::abs_plain|[::x_mul_y__rev_in1_rev_out1::plain|[::x_mul_y__rev_in1_rev_out1::prefix_if_negative,2572
705bb686,manual_audit_priority,^,1,5,54^04,5,1,5,2,^::abs_diff__rev_in1_rev_out1::abs_plain|^::abs_diff__rev_in1_rev_out1::plain|^::abs_diff__rev_in1_rev_out1::prefix_if_negative|^::x_minus_y__rev_in1_rev_out1::abs_plain|^::y_minus_x__rev_in1_rev_out1::abs_plain,5
75645166,manual_audit_priority,<,1,7952,35<94,7952,1,3,2,<::x_mul_y__rev_in1_rev_out1::abs_plain|<::x_mul_y__rev_in1_rev_out1::plain|<::x_mul_y__rev_in1_rev_out1::prefix_if_negative,7952
791056ce,manual_audit_priority,{,1,4922,58{72,4922,1,3,2,{::x_mul_y_minus1__rev_in1_rev_out1::abs_plain|{::x_mul_y_minus1__rev_in1_rev_out1::plain|{::x_mul_y_minus1__rev_in1_rev_out1::prefix_if_negative,4922
93d1c7eb,manual_audit_priority,`,1,0154,28`55,0154,1,3,2,`::x_mul_y__rev_in1_rev_out1::abs_plain|`::x_mul_y__rev_in1_rev_out1::plain|`::x_mul_y__rev_in1_rev_out1::prefix_if_negative,0154
9b1ea308,manual_audit_priority,|,1,261,99|36,261,1,3,2,|::x_plus_y__rev_in1_rev_out1::abs_plain||::x_plus_y__rev_in1_rev_out1::plain||::x_plus_y__rev_in1_rev_out1::prefix_if_negative,261
a2252b88,manual_audit_priority,^,1,2442,66^73,2442,1,3,2,^::x_mul_y__rev_in1_rev_out1::abs_plain|^::x_mul_y__rev_in1_rev_out1::plain|^::x_mul_y__rev_in1_rev_out1::prefix_if_negative,2442
b5e1e604,manual_audit_priority,|,1,211,28|03,211,1,3,2,|::x_plus_y__rev_in1_rev_out1::abs_plain||::x_plus_y__rev_in1_rev_out1::plain||::x_plus_y__rev_in1_rev_out1::prefix_if_negative,211
b980017a,manual_audit_priority,/,1,7946,37/98,7946,1,3,2,/::x_mul_y__rev_in1_rev_out1::abs_plain|/::x_mul_y__rev_in1_rev_out1::plain|/::x_mul_y__rev_in1_rev_out1::prefix_if_negative,7946
ca8929f5,manual_audit_priority,@,1,49,94@54,49,1,3,2,@::x_plus_y__rev_in1_rev_out1::abs_plain|@::x_plus_y__rev_in1_rev_out1::plain|@::x_plus_y__rev_in1_rev_out1::prefix_if_negative,49
cee07c09,manual_audit_priority,$,1,4281,84$83,4281,1,3,2,$::x_mul_y__rev_in1_rev_out1::abs_plain|$::x_mul_y__rev_in1_rev_out1::plain|$::x_mul_y__rev_in1_rev_out1::prefix_if_negative,4281
d21c7677,manual_audit_priority,#,1,8544,94#19,8544,1,3,2,#::x_mul_y_minus1__rev_in1_rev_out1::abs_plain|#::x_mul_y_minus1__rev_in1_rev_out1::plain|#::x_mul_y_minus1__rev_in1_rev_out1::prefix_if_negative,8544
552e14d7,verified_trace_ready,+,4,1756,56+17,1756,1,1,20,+::concat_xy__rev_in1_rev_out1::string_template,1756
41e6cbfc,verified_trace_ready,+,3,9318,18+93,9318,1,1,20,+::concat_xy__rev_in1_rev_out1::string_template,9318
4d8f8111,verified_trace_ready,+,2,7601,01+76,7601,1,1,20,+::concat_xy__rev_in1_rev_out1::string_template,7601
8dea05d7,verified_trace_ready,+,2,3907,07+39,3907,1,1,20,+::concat_xy__rev_in1_rev_out1::string_template,3907
9760032a,verified_trace_ready,+,2,9372,72+93,9372,1,1,20,+::concat_xy__rev_in1_rev_out1::string_template,9372
99e2cf41,verified_trace_ready,+,2,4415,15+44,4415,1,1,20,+::concat_xy__rev_in1_rev_out1::string_template,4415
b989c740,verified_trace_ready,+,2,8618,18+86,8618,1,1,20,+::concat_xy__rev_in1_rev_out1::string_template,8618
d3b20e29,verified_trace_ready,+,2,3922,22+39,3922,1,1,20,+::concat_xy__rev_in1_rev_out1::string_template,3922
f3e08a24,verified_trace_ready,+,2,0548,48+05,0548,1,1,20,+::concat_xy__rev_in1_rev_out1::string_template,0548
52c62a3e,verified_trace_ready,*,3,1292,92*12,1292,1,1,13,*::concat_xy__rev_in1_rev_out1::string_template,1292
7c72ad99,verified_trace_ready,*,3,2733,33*27,2733,1,1,13,*::concat_xy__rev_in1_rev_out1::string_template,2733
8321a400,verified_trace_ready,*,3,6915,15*69,6915,1,1,13,*::concat_xy__rev_in1_rev_out1::string_template,6915
427ba852,verified_trace_ready,*,2,2214,14*22,2214,1,1,13,*::concat_xy__rev_in1_rev_out1::string_template,2214
9610985a,verified_trace_ready,-,2,-22,64-42,-22,1,1,13,-::abs_diff_2d_op_suffix__rev_in1_rev_out1::string_template,-22
9dd8adaa,verified_trace_ready,*,2,4308,08*43,4308,1,1,13,*::concat_xy__rev_in1_rev_out1::string_template,4308
b655eee9,verified_trace_ready,-,2,-92,76-83,-92,1,1,13,-::abs_diff_2d_op_suffix__rev_in1_rev_out1::string_template,-92
c4f66ede,verified_trace_ready,*,2,6125,25*61,6125,1,1,13,*::concat_xy__rev_in1_rev_out1::string_template,6125
dbd0e3c9,verified_trace_ready,*,2,5631,56*31,5631,1,1,4,*::concat_yx__rev_in1_rev_out1::string_template,5631
dfec0ed4,verified_trace_ready,*,2,9370,93*70,9370,1,1,4,*::concat_yx__rev_in1_rev_out1::string_template,9370
1c48f9aa,verified_trace_ready,{,2,8610,86{10,8610,1,1,3,{::concat_yx__rev_in1_rev_out1::string_template,8610
3580648f,verified_trace_ready,-,2,2640,26-40,2640,1,1,3,-::concat_yx__rev_in1_rev_out1::string_template,2640
3efc46c1,verified_trace_ready,[,2,3964,39[64,3964,1,1,3,[::concat_yx__rev_in1_rev_out1::string_template,3964
54c9bde5,verified_trace_ready,-,2,3064,30-64,3064,1,1,3,-::concat_yx__rev_in1_rev_out1::string_template,3064
680f19b3,verified_trace_ready,?,2,9756,97?56,9756,1,1,3,?::concat_yx__rev_in1_rev_out1::string_template,9756
76e6f646,verified_trace_ready,{,2,6557,65{57,6557,1,1,3,{::concat_yx__rev_in1_rev_out1::string_template,6557
91488dc9,verified_trace_ready,?,2,3431,34?31,3431,1,1,3,?::concat_yx__rev_in1_rev_out1::string_template,3431
a8e033fe,verified_trace_ready,?,2,6854,68?54,6854,1,1,3,?::concat_yx__rev_in1_rev_out1::string_template,6854
f94810f5,verified_trace_ready,{,2,1592,15{92,1592,1,1,3,{::concat_yx__rev_in1_rev_out1::string_template,1592
27cec7a9,verified_trace_ready,:,2,3341,33:41,3341,1,1,2,:::concat_yx__rev_in1_rev_out1::string_template,3341
4895b955,verified_trace_ready,(,2,4796,47(96,4796,1,1,2,(::concat_yx__rev_in1_rev_out1::string_template,4796
f7d90ae3,verified_trace_ready,/,2,9819,98/19,9819,1,1,2,/::concat_yx__rev_in1_rev_out1::string_template,9819
