id,selection_tier,status,query_operator,same_operator_example_count,query_raw,answer,predicted_answer,prediction_count,candidate_predictions,gold_in_candidates,query_unseen_digits,group_combo_count,feasible_group_combo_count
71d91445,manual_audit_priority,no_spec,/,3,"\""/@|",},,0,,False,,0,0
7d9ff0d2,manual_audit_priority,no_spec,&,3,/^&<?,(,,0,,False,,0,0
239771fb,manual_audit_priority,no_spec,},2,"""'}|""",|)},,0,,False,,0,0
57f6878e,manual_audit_priority,no_spec,<,2,|@<:(,%{{,,0,,False,,0,0
c8b57f1d,manual_audit_priority,no_spec,>,2,|/>%\,""")",,0,,False,,0,0
d3c1d2fb,manual_audit_priority,no_spec,!,2,^:!]#,)/,,0,,False,,0,0
e2c069ae,manual_audit_priority,no_spec,},2,:!}{:,/{,,0,,False,,0,0
71310176,manual_audit_priority,no_spec,-,1,$)-{/,:]{,,0,,False,,0,0
979071a0,manual_audit_priority,no_spec,!,1,{\!@\,))<,,0,,False,,0,0
9dae880f,manual_audit_priority,no_spec,},1,:<}`\,))[,,0,,False,,0,0
afca7259,manual_audit_priority,no_spec,`,1,?}`/>,>>&,,0,,False,,0,0
2c017f70,manual_audit_priority,ok,+,4,>/+%(,>/%(,,0,,False,,1,1
02c15453,manual_audit_priority,ok,-,4,>'-]',(,,0,,False,,5,0
d7e5414c,manual_audit_priority,ok,},4,#[}@[,|%\\,,0,,False,,144,2
0133bcec,manual_audit_priority,ok,*,3,\(*[#,\([#,,0,,False,,5,5
c5955a0a,manual_audit_priority,ok,-,3,&:-&|,@',,0,,False,,6,3
85c5b2a2,manual_audit_priority,ok,),3,$<)$$,$<$$,,0,,False,,9,9
a26065d4,manual_audit_priority,ok,+,3,<&+<#,<',,0,,False,,21,0
4bfd095a,manual_audit_priority,ok,*,3,@/*[@,{<<<,,0,,False,,22,2
564916b5,manual_audit_priority,ok,-,3,"""!-$$",$,,0,,False,,24,0
fd1c8f66,manual_audit_priority,ok,-,3,'>-@@,-}@,,0,,False,,24,2
8043a9d2,manual_audit_priority,ok,*,3,\:*$|,$|\:,,0,,False,,32,32
2cf042b9,manual_audit_priority,ok,-,3,|>-|[,?^,,0,,False,,38,1
a3a00a02,manual_audit_priority,ok,+,3,{]+:{,^$,,0,,False,,48,1
48194d70,manual_audit_priority,ok,/,3,^@/[:,^[#|,,0,,False,,55,1
b69d2e78,manual_audit_priority,ok,+,3,)#+?|,|)\,,0,,False,,56,0
cad4b9a7,manual_audit_priority,ok,*,3,"?""*""(","#""^",,0,,False,,72,4
3559dfc9,manual_audit_priority,ok,',3,"""/'#>",[%[,,0,,False,,92,2
95353c23,manual_audit_priority,ok,*,2,!(*%`,<)<|,,0,,False,,5,1
3ef9ab02,manual_audit_priority,ok,-,2,"({-""%",-%],,0,,False,,6,1
64d775e5,manual_audit_priority,ok,+,2,)<+$&,$&)<,,0,,False,,6,1
9f1ff166,manual_audit_priority,ok,-,2,"""]-'/",[,,0,,False,,8,1
49f6ba46,manual_audit_priority,ok,&,2,)>&'!,``,,0,,False,,10,1
ec8b4875,manual_audit_priority,ok,*,2,|@*<!,"|""]",,0,,False,,18,2
ff0e37ae,manual_audit_priority,ok,*,2,"%'*""`","%'""`",,0,,False,,19,19
e8011eb6,manual_audit_priority,ok,*,2,!]*/>,]$|%,,0,,False,,21,1
f8bbabab,manual_audit_priority,ok,+,2,`>+>^,>^`>,,0,,False,,22,22
39a1f5e9,manual_audit_priority,ok,*,2,">[*<""","<"">[",,0,,False,,24,24
083ed8fe,manual_audit_priority,ok,*,2,<&*:/,<#):,,0,,False,,27,1
294453b5,manual_audit_priority,ok,-,2,##-!),&(,,0,,False,,40,0
7f21620f,manual_audit_priority,ok,(,2,<^(]{,")""/{",,0,,False,,44,1
efc95486,manual_audit_priority,ok,-,2,'<-^!,'/,,0,,False,,56,0
a1220274,manual_audit_priority,ok,*,2,`&*)<,&`{^,,0,,False,,60,7
a692ec38,manual_audit_priority,ok,*,2,/:*/$,"/""}",,0,,False,,60,1
80082389,manual_audit_priority,ok,!,2,^/!$),"""{""",,0,,False,,64,2
e62b6ae9,manual_audit_priority,ok,*,2,`!*^<,[[`<,,0,,False,,64,2
ae64d5e4,manual_audit_priority,ok,-,2,[[-&/,[,,0,,False,,68,0
223b2899,manual_audit_priority,ok,"""",2,"??"">`",<[{?,,0,,False,,80,2
180ddd62,manual_audit_priority,ok,],2,|)][),]/,,0,,False,,88,2
2e9b1b9d,manual_audit_priority,ok,+,2,")>+!""",<),,0,,False,,105,1
b50cf853,manual_audit_priority,ok,*,2,"|?*""}","|?""}",,0,,False,,110,46
5be6a3c1,manual_audit_priority,ok,{,2,[:{}@,}}?),,0,,False,,117,1
8962872b,manual_audit_priority,ok,?,2,``?`\,%`&,,0,,False,,160,3
55bc449c,manual_audit_priority,ok,(,2,!`(&:,:<,,0,,False,,216,4
f2399f16,manual_audit_priority,ok,-,2,">}-<""",">}""",,0,,False,,228,0
ba7d54c4,manual_audit_priority,ok,&,2,")""&)<",>((<,,0,,False,,256,3
cd2e20b9,manual_audit_priority,ok,+,2,>>+{`,||`,,0,,False,,276,1
d5602cc5,manual_audit_priority,ok,-,2,{<-#(,(%,,0,,False,,384,18
a11311a4,manual_audit_priority,ok,\,2,}@\(^,%[,,0,,False,,416,6
fb440865,manual_audit_priority,ok,(,2,{`(<{,@@,,0,,False,,420,0
54818142,manual_audit_priority,ok,-,2,>^->@,-<,,0,,False,,464,4
e9a9f047,manual_audit_priority,ok,+,2,<<+)\,|(,,0,,False,,480,0
1545b8f1,manual_audit_priority,ok,+,2,$|+$|,!)>,,0,,False,,512,5
3424f037,manual_audit_priority,ok,*,2,"{|*""&",{{|:,,0,,False,,570,0
1c2e9814,manual_audit_priority,ok,:,2,"""%:^/",'?},,0,,False,,576,4
65a61279,manual_audit_priority,ok,*,2,]/*<],?]$/,,0,,False,,648,0
7b3d06f7,manual_audit_priority,ok,-,2,$[-/^,|,,0,,False,,783,6
642c84f0,manual_audit_priority,ok,*,2,`}*|},{(}%,,0,,False,,1152,0
9f9b0251,manual_audit_priority,ok,*,2,^}*!\,'!?/,,0,,False,,1188,0
00c032a8,manual_audit_priority,ok,!,2,))!\),\^?,,0,,False,,1452,2
baab28bb,manual_audit_priority,ok,+,2,>/+\!,#!,,0,,False,,2640,0
9346686a,manual_audit_priority,ok,-,2,%(-[(,:(,,0,,False,,3264,0
536d9cca,manual_audit_priority,ok,-,2,<|-]<,&',,0,,False,,4224,3
012cab1f,manual_audit_priority,ok,',2,{`'(&,|@{,,0,,False,,6912,2
4b7c076e,manual_audit_priority,ok,),2,#]){$,#{$,,0,,False,,8712,6
df3262bc,manual_audit_priority,ok,-,2,]$-]?,]/,,0,,False,,21384,37
d0b1e41a,manual_audit_priority,ok,*,1,"#{*""!","#{""!",,0,,False,,4,4
90feb0c5,manual_audit_priority,ok,',1,?>'>>,:<],,0,,False,,9,9
8a15edaa,manual_audit_priority,ok,-,1,#(-\!,%\,,0,,False,,20,0
d98d85c0,manual_audit_priority,ok,+,1,(@+@?,?(&@,,0,,False,,20,4
e776562e,manual_audit_priority,ok,+,1,%#+:\,@\%,,0,,False,,22,1
6548d382,manual_audit_priority,ok,',1,\@'((,/\,,0,,False,,24,24
d546fd90,manual_audit_priority,ok,\,1,]?\:<,\]@,,0,,False,,33,2
599e922a,manual_audit_priority,ok,+,1,@<+:{,>@,,0,,False,,34,34
10a94678,manual_audit_priority,ok,*,1,""">*)\","""""\}",,0,,False,,72,52
19968602,manual_audit_priority,ok,*,1,&/*[/,"""!`|",,0,,False,,72,1
cd5e23c7,manual_audit_priority,ok,},1,<%}{#,]{&,,0,,False,,72,0
d7aec90d,manual_audit_priority,ok,+,1,:!+\%,^>\,,0,,False,,80,1
65add53a,manual_audit_priority,ok,*,1,}^*%],]}%,,0,,False,,96,1
75c8715e,manual_audit_priority,ok,*,1,\\*>#,`^$),,0,,False,,96,3
948e5474,manual_audit_priority,ok,-,1,?%-^%,-&,,0,,False,,96,12
1d15b7e6,manual_audit_priority,ok,),1,|[)$[,|['{,,0,,False,,144,1
a362e44a,manual_audit_priority,ok,-,1,>[-\{,'%,,0,,False,,144,5
edb43422,manual_audit_priority,ok,+,1,'@+/`,@^$,,0,,False,,152,1
edf364da,manual_audit_priority,ok,*,1,::*{[,$(%,,0,,False,,189,1
a98d4d53,manual_audit_priority,ok,-,1,!$-$[,-),,0,,False,,216,48
cf2a4028,manual_audit_priority,ok,*,1,([*&:,"!""{{",,0,,False,,216,2
d23f4166,manual_audit_priority,ok,*,1,'}*{@,{|)@,,0,,False,,216,3
0a94b2de,manual_audit_priority,ok,#,1,]}#@],@}`@,,0,,False,,240,1
eabc719f,manual_audit_priority,ok,-,1,"`""-%""","/$""""",,0,,False,,240,1
2a204590,manual_audit_priority,ok,*,1,#^*&#,&<^#,,0,,False,,288,114
212e792d,manual_audit_priority,ok,),1,%\):!,)//,,0,,False,,396,6
6183bab7,manual_audit_priority,ok,-,1,"""{-:/",@@,,0,,False,,399,7
5b673564,manual_audit_priority,ok,/,1,?)/%},],,0,,False,,456,0
56efc838,manual_audit_priority,ok,*,1,()*?},}$?(,,0,,False,,484,0
7a17137f,manual_audit_priority,ok,*,1,%>*`\,{{&,,0,,False,,576,1
a9aa6c6e,manual_audit_priority,ok,^,1,<(^{(,^</,,0,,False,,608,116
8e56a42e,manual_audit_priority,ok,[,1,%/[<>,%/<>,,0,,False,,704,414
6a5cd9ec,manual_audit_priority,ok,#,1,<$#|?,<[<\,,0,,False,,720,2
65b13ba2,manual_audit_priority,ok,{,1,"#@{]""","]/""}",,0,,False,,756,2
50ba5396,manual_audit_priority,ok,(,1,"}&(\""",\]]@,,0,,False,,816,0
91a0e345,manual_audit_priority,ok,*,1,!]*$],(`]',,0,,False,,864,0
2e1b9d84,manual_audit_priority,ok,+,1,[`+'},"]>""",,0,,False,,912,10
420d5352,manual_audit_priority,ok,*,1,]]*?),&?,,0,,False,,1056,3
042f1e53,manual_audit_priority,ok,-,1,&&-&?,-},,0,,False,,1122,800
7138d71a,manual_audit_priority,ok,-,1,^]-'%,\,,0,,False,,1122,688
d2fe9d04,manual_audit_priority,ok,:,1,">%:<""",)}),,0,,False,,1188,65
867d9b19,manual_audit_priority,ok,-,1,\\-{:,$#,,0,,False,,1224,540
3a6286e9,manual_audit_priority,ok,*,1,!|*||,!{!$,,0,,False,,1292,0
de036bbf,manual_audit_priority,ok,*,1,''*#(,''#,,0,,False,,1920,0
4e28b132,manual_audit_priority,ok,%,1,//%>:,:},,0,,False,,2112,0
7cb0f4c4,manual_audit_priority,ok,/,1,$>/|[,$>@!,,0,,False,,2112,2
82c9f137,manual_audit_priority,ok,-,1,{&-?#,&%,,0,,False,,3072,57
193c21d5,manual_audit_priority,ok,*,1,>|*%{,}>[[,,0,,False,,4320,0
852a6f48,manual_audit_priority,ok,{,1,]){&$,\\,,0,,False,,5852,27
5bcb572e,manual_audit_priority,ok,-,1,"""{-{!",-!#,,0,,False,,7344,3
67995540,manual_audit_priority,ok,|,1,"""&|@'",|%@,,0,,False,,8208,40
50a694de,manual_audit_priority,ok,(,1,]`(!!,%],,0,,False,,10098,6
5d786524,manual_audit_priority,ok,*,1,[@*`%,[{%',,0,,False,,12342,25
f36fe07e,manual_audit_priority,ok,+,1,>?+%%,"?""}",,0,,False,,13464,3
dc240ebd,manual_audit_priority,ok,-,5,>|-}|,`}:},`}:},1,`}:},True,,2,1
6f8261d9,manual_audit_priority,ok,-,5,|(-|(,\,\,1,\,True,,4,1
99d6a3b5,manual_audit_priority,ok,%,4,(<%)),?()<,?()<,1,?()<,True,,6,1
d63c1fb0,manual_audit_priority,ok,+,4,"""|+""%","""|""%","""|""%",1,"""|""%",True,,22,22
96e8be73,manual_audit_priority,ok,(,4,/@(//,(!],(!],1,(!],True,,24,1
ec92f091,manual_audit_priority,ok,+,4,![+/[,</,</,1,</,True,,28,2
6e56b39a,manual_audit_priority,ok,-,4,&#-!],-/#,-/#,1,-/#,True,,32,2
289602f1,manual_audit_priority,ok,+,4,&(+^^,?!,?!,1,?!,True,,44,1
6e6c2ce8,manual_audit_priority,ok,*,4,([*#{,[#{,[#{,1,[#{,True,,44,1
efa7edc3,manual_audit_priority,ok,|,4,[]|/),//:},//:},1,//:},True,,128,1
b4eab219,manual_audit_priority,ok,+,4,\#+`>,(#<,(#<,1,(#<,True,,297,5
ae4aef23,manual_audit_priority,ok,+,4,`|+&?,%<<,%<<,1,%<<,True,,374,5
92135360,manual_audit_priority,ok,\,3,$!\?%,$!$?,$!$?,1,$!$?,True,,4,1
6046d372,manual_audit_priority,ok,-,3,)|-[\,[/,[/,1,[/,True,,7,1
be7101dc,manual_audit_priority,ok,+,3,%/+^#,\:%#,\:%#,1,\:%#,True,,8,2
36557a2e,manual_audit_priority,ok,*,3,]%*)?,!{}?,!{}?,1,!{}?,True,,9,1
b1b10e83,manual_audit_priority,ok,+,3,"|""+#$","|""#$","|""#$",1,"|""#$",True,,9,1
21b90d9f,manual_audit_priority,ok,*,3,){*?{,){?{,){?{,1,){?{,True,,12,7
5186f2d7,manual_audit_priority,ok,),3,}>)\?,\?!$,\?!$,1,\?!$,True,,12,2
d6c03e21,manual_audit_priority,ok,+,3,&(+`#,&(`#,&(`#,1,&(`#,True,,12,12
9cc02bc1,manual_audit_priority,ok,+,3,:#+:',:#:',:#:',1,:#:',True,,15,12
6c7231ac,manual_audit_priority,ok,+,3,&}+#},:/#,:/#,1,:/#,True,,20,1
2d7edafd,manual_audit_priority,ok,$,3,|($:{,:{&,:{&,1,:{&,True,,24,1
3b206148,manual_audit_priority,ok,+,3,#%+&(,!>?,!>?,1,!>?,True,,24,1
524cb5c6,manual_audit_priority,ok,:,3,$>:>\,$>>\,$>>\,1,$>>\,True,,33,33
de3ea27c,manual_audit_priority,ok,*,3,/@*|<,!|%],!|%],1,!|%],True,,42,1
6296c317,manual_audit_priority,ok,:,3,##:[\,:#<,:#<,1,:#<,True,,48,1
af34964a,manual_audit_priority,ok,*,3,&]*](,]:[:,]:[:,1,]:[:,True,,48,4
657bcae9,manual_audit_priority,ok,#,3,>|#>},'}[,'}[,1,'}[,True,,76,1
dafd11de,manual_audit_priority,ok,+,3,??+:',(',(',1,(',True,,88,2
b9f1d959,manual_audit_priority,ok,+,3,"$\+""[",:>,:>,1,:>,True,,92,2
9d20c8a7,manual_audit_priority,ok,\,3,[}\!),]]]},]]]},1,]]]},True,,96,1
b56d38be,manual_audit_priority,ok,+,3,&#+^^,[/),[/),1,[/),True,,96,1
9ceba70a,manual_audit_priority,ok,&,3,((&#%,##%,##%,1,##%,True,,102,4
544f0433,manual_audit_priority,ok,`,3,|'`//,/>)&,/>)&,1,/>)&,True,,108,2
db1e0603,manual_audit_priority,ok,\,3,}}\!},![},![},1,![},True,,128,6
2995c179,manual_audit_priority,ok,-,3,)#->>,(^,(^,1,(^,True,,132,3
6eb85496,manual_audit_priority,ok,+,3,%'+/>,>^],>^],1,>^],True,,140,4
9a19fc2d,manual_audit_priority,ok,+,3,!&+)#,#>[,#>[,1,#>[,True,,156,3
31028506,manual_audit_priority,ok,+,3,?)+``,!\,!\,1,!\,True,,168,1
3e5c7d9b,manual_audit_priority,ok,-,3,(<-[],-(|,-(|,1,-(|,True,,168,1
dea42835,manual_audit_priority,ok,*,3,[/*[',['[/,['[/,1,['[/,True,,170,151
acf8c11f,manual_audit_priority,ok,\,3,'!\[(,"""'","""'",1,"""'",True,,192,1
41a8a9f0,manual_audit_priority,ok,*,3,"#>*`""","|""`>","|""`>",1,"|""`>",True,,216,2
61557701,manual_audit_priority,ok,+,3,'{+{),|&,|&,1,|&,True,,216,6
0d2e94ff,manual_audit_priority,ok,],3,^&]%@,}}^,}}^,1,}}^,True,,252,2
747dd795,manual_audit_priority,ok,`,3,>!`!$,?}{,?}{,1,?}{,True,,264,1
8b1af00e,manual_audit_priority,ok,`,3,%@`{\,%%%&,%%%&,1,%%%&,True,,276,1
2a25de27,manual_audit_priority,ok,+,3,{!+!`,^^',^^',1,^^',True,,360,1
80c4ae05,manual_audit_priority,ok,},3,"><}"">","}$""","}$""",1,"}$""",True,,360,2
bc83b0a1,manual_audit_priority,ok,*,3,(/*&{,(/&{,(/&{,1,(/&{,True,,432,168
1c7a0091,manual_audit_priority,ok,#,3,)`#<@,)`<@,)`<@,1,)`<@,True,,572,319
f2a25cf9,manual_audit_priority,ok,>,3,#?>{&,:!,:!,1,:!,True,,576,3
f01f112b,manual_audit_priority,ok,+,3,"{""+\|",$^>,$^>,1,$^>,True,,1140,1
e82ed6be,manual_audit_priority,ok,+,3,"$""+$/",/'?,/'?,1,/'?,True,,2508,1
7993452d,manual_audit_priority,ok,-,3,:<-]!,-^],-^],1,-^],True,,3456,2
4e7d1773,manual_audit_priority,ok,+,3,^\+$:,^:?:,^:?:,1,^:?:,True,,3564,5
5f9f0ed7,manual_audit_priority,ok,*,3,|!*@[,}/!},}/!},1,}/!},True,,4284,2
16cf827a,manual_audit_priority,ok,-,3,[|-/`,"""[``","""[``",1,"""[``",True,,5184,2
a52aabb6,manual_audit_priority,ok,+,3,)^+<%,!%,!%,1,!%,True,,7040,6
85dc976c,manual_audit_priority,ok,+,3,|\+\},}:,}:,1,}:,True,,9936,3
a08fbb68,manual_audit_priority,ok,+,2,\$+'<,\$'<,\$'<,1,\$'<,True,,4,4
a85864a9,manual_audit_priority,ok,*,2,(\*}:,(\}:,(\}:,1,(\}:,True,,4,3
dc0f5e5e,manual_audit_priority,ok,+,2,%%+}#,%%}#,%%}#,1,%%}#,True,,4,2
eb354353,manual_audit_priority,ok,},2,%%}||,\%<%,\%<%,1,\%<%,True,,4,1
b13d511a,manual_audit_priority,ok,+,2,\&+[[,\&[[,\&[[,1,\&[[,True,,7,1
39c237c7,manual_audit_priority,ok,+,2,{]+``,{]``,{]``,1,{]``,True,,11,11
0cdb0aae,manual_audit_priority,ok,+,2,:(+/$,:::,:::,1,:::,True,,12,1
97d6db7a,manual_audit_priority,ok,*,2,\[*%^,\[%^,\[%^,1,\[%^,True,,12,7
ec2099f5,manual_audit_priority,ok,*,2,}[*][,:]'\,:]'\,1,:]'\,True,,14,1
a4e4ec1d,manual_audit_priority,ok,-,2,"}""-\$",>!,>!,1,>!,True,,22,1
24750c4a,manual_audit_priority,ok,*,2,|/*||,?)/{,?)/{,1,?)/{,True,,24,1
46fcfa9c,manual_audit_priority,ok,-,2,>(-&@,-@?,-@?,1,-@?,True,,24,1
321ef6ba,manual_audit_priority,ok,*,2,(&*&&,"""""::","""""::",1,"""""::",True,,28,1
47c1d8f5,manual_audit_priority,ok,#,2,/`#%`,]%],]%],1,]%],True,,36,1
9aa8dc92,manual_audit_priority,ok,+,2,/#+</,/#</,/#</,1,/#</,True,,36,36
9d71fece,manual_audit_priority,ok,%,2,":&%""""","""\","""\",1,"""\",True,,40,2
cdec898a,manual_audit_priority,ok,+,2,>}+]?,<?/,<?/,1,<?/,True,,44,1
4de466bf,manual_audit_priority,ok,&,2,@>&</,^[,^[,1,^[,True,,48,1
60f55291,manual_audit_priority,ok,*,2,|/*/!,/\|?,/\|?,1,/\|?,True,,48,1
d72d8c1c,manual_audit_priority,ok,`,2,&@`&%,&@&%,&@&%,1,&@&%,True,,48,2
8193e7e0,manual_audit_priority,ok,*,2,#?*&`,??{`,??{`,1,??{`,True,,52,3
3d40a271,manual_audit_priority,ok,*,2,/:*[{,:/>{,:/>{,1,:/>{,True,,55,1
da61dedc,manual_audit_priority,ok,`,2,}}`|#,/|{#,/|{#,1,/|{#,True,,60,2
226cbdf8,manual_audit_priority,ok,},2,)|})#,#[`,#[`,1,#[`,True,,64,1
0fe53bac,manual_audit_priority,ok,+,2,^?+(|,"(""","(""",1,"(""",True,,69,1
8b7c2ea4,manual_audit_priority,ok,\,2,{@\}@,][@,][@,1,][@,True,,75,1
9f8fda8a,manual_audit_priority,ok,),2,<\)!\,\#,\#,1,\#,True,,76,1
a88f9fe3,manual_audit_priority,ok,+,2,{}+><,<],<],1,<],True,,90,1
96115336,manual_audit_priority,ok,{,2,&@{><,@!<<,@!<<,1,@!<<,True,,92,1
51181706,manual_audit_priority,ok,*,2,/\*//,'[)\,'[)\,1,'[)\,True,,110,4
2f46a715,manual_audit_priority,ok,*,2,!/*|[,]]&|,]]&|,1,]]&|,True,,126,4
9afe43b4,manual_audit_priority,ok,!,2,%}!#<,//(},//(},1,//(},True,,132,1
f9a33aa1,manual_audit_priority,ok,\,2,@(\$/,/((`,/((`,1,/((`,True,,135,4
b391ffe1,manual_audit_priority,ok,+,2,@/+[`,#!,#!,1,#!,True,,144,1
da353dee,manual_audit_priority,ok,*,2,"|@*""&","@@@""","@@@""",1,"@@@""",True,,153,1
d9575f79,manual_audit_priority,ok,{,2,|`{/},|`/},|`/},1,|`/},True,,165,8
d0e1010b,manual_audit_priority,ok,*,2,|&*$|,!&&},!&&},1,!&&},True,,168,1
a021ca5d,manual_audit_priority,ok,@,2,}`@)`,)'&/,)'&/,1,)'&/,True,,182,3
0e009c6d,manual_audit_priority,ok,',2,@?'`?,`?\!,`?\!,1,`?\!,True,,192,4
6beb3a1f,manual_audit_priority,ok,-,2,`)-/[,??,??,1,??,True,,192,2
c32e1c7b,manual_audit_priority,ok,|,2,\&|$`,[$[,[$[,1,[$[,True,,200,1
2fc5ef5b,manual_audit_priority,ok,*,2,&/*:',/&\%,/&\%,1,/&\%,True,,220,1
a3da3c48,manual_audit_priority,ok,(,2,:](>>,\$,\$,1,\$,True,,220,1
ae3d84e7,manual_audit_priority,ok,*,2,`]*@>,<<<,<<<,1,<<<,True,,220,1
1785b35e,manual_audit_priority,ok,*,2,(!*?!,:^:/,:^:/,1,:^:/,True,,240,1
26e48e98,manual_audit_priority,ok,),2,"""])%{",){|,){|,1,){|,True,,240,1
e977d0b7,manual_audit_priority,ok,+,2,&[+/{,&[/{,&[/{,1,&[/{,True,,260,6
58eadc55,manual_audit_priority,ok,|,2,@@|@`,!#,!#,1,!#,True,,264,1
d129b085,manual_audit_priority,ok,+,2,"!>+`""",##$,##$,1,##$,True,,276,1
36d2d728,manual_audit_priority,ok,*,2,"$""*](","""(](","""(](",1,"""(](",True,,280,1
7137d73a,manual_audit_priority,ok,*,2,/<*?{,"<""{","<""{",1,"<""{",True,,288,1
b8955624,manual_audit_priority,ok,:,2,^':'},))?,))?,1,))?,True,,288,1
05c36467,manual_audit_priority,ok,/,2,"""&/($",%%\,%%\,1,%%\,True,,300,3
2ff200fb,manual_audit_priority,ok,-,2,^%-[],)^,)^,1,)^,True,,350,4
2b1a109a,manual_audit_priority,ok,-,2,/>-?!,-/),-/),1,-/),True,,352,2
4dcd1b40,manual_audit_priority,ok,`,2,"}:`]""",`:{,`:{,1,`:{,True,,352,1
823c8278,manual_audit_priority,ok,<,2,::<{^,|:,|:,1,|:,True,,352,3
cfd312b1,manual_audit_priority,ok,*,2,?(*{?,{[\?,{[\?,1,{[\?,True,,360,4
f7d26b8d,manual_audit_priority,ok,-,2,[}-}\,/@,/@,1,/@,True,,374,2
865eab39,manual_audit_priority,ok,-,2,">'-:""",#$,#$,1,#$,True,,384,2
52395e9a,manual_audit_priority,ok,|,2,'#|</,#!%\,#!%\,1,#!%\,True,,408,1
bebb9447,manual_audit_priority,ok,-,2,>(-$>,%#,%#,1,%#,True,,420,3
0dcfd566,manual_audit_priority,ok,+,2,)@+\{,)@\{,)@\{,1,)@\{,True,,432,144
e5b65a4c,manual_audit_priority,ok,@,2,|%@#),``#,``#,1,``#,True,,437,1
abe83078,manual_audit_priority,ok,},2,$$}<$,`<,`<,1,`<,True,,528,1
be0a10de,manual_audit_priority,ok,?,2,$!?]!,""">",""">",1,""">",True,,528,2
5ce7c6b4,manual_audit_priority,ok,@,2,\\@>>,'>&,'>&,1,'>&,True,,576,2
a3e72f6d,manual_audit_priority,ok,*,2,]]*!],/!,/!,1,/!,True,,576,2
f8731f21,manual_audit_priority,ok,>,2,{^>[$,<)$<,<)$<,1,<)$<,True,,576,1
ed61a9d6,manual_audit_priority,ok,+,2,"!""+""!","!""""!","!""""!",1,"!""""!",True,,595,21
ac96e25c,manual_audit_priority,ok,-,2,'!->?,-'/,-'/,1,-'/,True,,612,1
3f67321d,manual_audit_priority,ok,/,2,^`/:[,"}""[}","}""[}",1,"}""[}",True,,624,2
0babcba2,manual_audit_priority,ok,%,2,((%\!,"?""""","?""""",1,"?""""",True,,640,6
12734c90,manual_audit_priority,ok,%,2,#'%@],]@>[,]@>[,1,]@>[,True,,640,2
47524987,manual_audit_priority,ok,+,2,</+|{,]?:,]?:,1,]?:,True,,648,2
34b4cf96,manual_audit_priority,ok,+,2,"""""+^^","""""^^","""""^^",1,"""""^^",True,,680,6
3cb3fd89,manual_audit_priority,ok,*,2,]$*$),[[&],[[&],1,[[&],True,,720,2
ba76c1d2,manual_audit_priority,ok,},2,"[""}""""",{`>!,{`>!,1,{`>!,True,,756,4
053b4c86,manual_audit_priority,ok,*,2,(@*]&,(@(],(@(],1,(@(],True,,792,1
db4f43ef,manual_audit_priority,ok,*,2,?`*]%,"%""|@","%""|@",1,"%""|@",True,,792,1
fbd5fe63,manual_audit_priority,ok,+,2,"{""+^\",$[>,$[>,1,$[>,True,,792,2
466ad340,manual_audit_priority,ok,-,2,`^-$#,-#$,-#$,1,-#$,True,,864,3
826bf843,manual_audit_priority,ok,-,2,[#-$[,-$),-$),1,-$),True,,864,1
ff86cd34,manual_audit_priority,ok,*,2,&(*^),)|((,)|((,1,)|((,True,,1024,3
5a35e698,manual_audit_priority,ok,+,2,\\+%|,[\),[\),1,[\),True,,1092,1
0e375364,manual_audit_priority,ok,{,2,}${/@,}/@,}/@,1,}/@,True,,1152,2
d73ef5bf,manual_audit_priority,ok,%,2,/$%]/,\(|,\(|,1,\(|,True,,1408,6
424b50d1,manual_audit_priority,ok,*,2,%/*@@,/]|&,/]|&,1,/]|&,True,,1584,3
fa714b83,manual_audit_priority,ok,?,2,^{?#{,/,/,1,/,True,,1584,1
234e5b9e,manual_audit_priority,ok,"""",2,")(""(#",$]|&,$]|&,1,$]|&,True,,1632,6
7db72717,manual_audit_priority,ok,-,2,@{-&!,%),%),1,%),True,,1782,3
9a0daca9,manual_audit_priority,ok,*,2,"`""*`(","/"">|","/"">|",1,"/"">|",True,,1782,4
db66c42c,manual_audit_priority,ok,-,2,[!-:^,'},'},1,'},True,,1936,1
9a4f2f47,manual_audit_priority,ok,+,2,!?+)',('^,('^,1,('^,True,,2160,3
7edceb37,manual_audit_priority,ok,+,2,\\+&],<$,<$,1,<$,True,,2640,3
2a5e45a4,manual_audit_priority,ok,\,2,<@\@$,`@},`@},1,`@},True,,3168,2
dc6c0d49,manual_audit_priority,ok,*,2,@#*!@,:>?#,:>?#,1,:>?#,True,,3456,2
dcb9e01d,manual_audit_priority,ok,\,2,$<\@>,}@`,}@`,1,}@`,True,,4320,2
b0206bb7,manual_audit_priority,ok,*,2,${*)},]$!,]$!,1,]$!,True,,4536,2
4ed6b56f,manual_audit_priority,ok,*,2,!:*`(,"(""/""","(""/""",1,"(""/""",True,,4608,6
787a1344,manual_audit_priority,ok,-,2,!)-&[,-[\,-[\,1,-[\,True,,4752,3
e4aeed67,manual_audit_priority,ok,:,2,"'"":'{",@`,@`,1,@`,True,,5016,6
48ae115d,manual_audit_priority,ok,',2,]>']|,\[@`,\[@`,1,\[@`,True,,5040,3
a52c726c,manual_audit_priority,ok,*,2,"<?*""$",])?$,])?$,1,])?$,True,,5120,4
df1e3788,manual_audit_priority,ok,*,2,>&*>#,>^>,>^>,1,>^>,True,,5184,4
5968bf6c,manual_audit_priority,ok,*,2,"(!*:""","(""/^","(""/^",1,"(""/^",True,,5474,4
d29e19a4,manual_audit_priority,ok,$,2,|'$>',?|,?|,1,?|,True,,5984,6
8e411cc7,manual_audit_priority,ok,!,2,$&!&},]]],]]],1,]]],True,,6864,2
a0db1e75,manual_audit_priority,ok,-,2,]<-`/,"-""!","-""!",1,"-""!",True,,8470,2
f80d2e10,manual_audit_priority,ok,?,2,&)?^{,{)^],{)^],1,{)^],True,,8712,6
24e1f1d5,manual_audit_priority,ok,+,1,^#+(!,^#(!,^#(!,1,^#(!,True,,2,1
9fc69c17,manual_audit_priority,ok,*,1,#'*:@,#':@,#':@,1,#':@,True,,3,2
23b0eb54,manual_audit_priority,ok,*,1,]/*:),]/:),]/:),1,]/:),True,,4,4
8a1bdd48,manual_audit_priority,ok,*,1,\@*#[,`\&[,`\&[,1,`\&[,True,,8,1
1d10ccaf,manual_audit_priority,ok,*,1,<(*{&,<({&,<({&,1,<({&,True,,14,14
0d4b2baa,manual_audit_priority,ok,*,1,:(*|#,:(|#,:(|#,1,:(|#,True,,15,7
f3c73290,manual_audit_priority,ok,*,1,!&*[>,`[$,`[$,1,`[$,True,,20,1
24b2d8eb,manual_audit_priority,ok,*,1,`!*/[,/[:`,/[:`,1,/[:`,True,,21,1
02a04b59,manual_audit_priority,ok,*,1,#>*]#,#>]#,#>]#,1,#>]#,True,,22,5
9fbd6a44,manual_audit_priority,ok,*,1,$$*>\,::'',::'',1,::'',True,,22,1
af018681,manual_audit_priority,ok,!,1,"\$!{""","\${""","\${""",1,"\${""",True,,22,9
065abaf6,manual_audit_priority,ok,+,1,:\+&/,&/:\,&/:\,1,&/:\,True,,24,1
08f6216d,manual_audit_priority,ok,+,1,>>+|>,|>>>,|>>>,1,|>>>,True,,24,7
d96607f8,manual_audit_priority,ok,*,1,"""!*<}","""!<}","""!<}",1,"""!<}",True,,24,4
e3bf0c2c,manual_audit_priority,ok,},1,@`}'',"""`","""`",1,"""`",True,,34,1
f52edbc1,manual_audit_priority,ok,+,1,'?+}?,?{,?{,1,?{,True,,36,1
5ad26838,manual_audit_priority,ok,-,1,/|-/{,-{,-{,1,-{,True,,44,1
dac75343,manual_audit_priority,ok,+,1,#@+@`,#@@`,#@@`,1,#@@`,True,,48,2
5bd9919c,manual_audit_priority,ok,<,1,]'<]`,]']`,]']`,1,]']`,True,,54,3
08111d57,manual_audit_priority,ok,+,1,^?+)],")""",")""",1,")""",True,,64,1
7eecd498,manual_audit_priority,ok,*,1,^:*`!,^:`!,^:`!,1,^:`!,True,,88,1
ca85809b,manual_audit_priority,ok,\,1,&&\%[,%!^&,%!^&,1,%!^&,True,,90,1
17093b07,manual_audit_priority,ok,+,1,:<+`},>{{,>{{,1,>{{,True,,96,1
b9b5a2c1,manual_audit_priority,ok,-,1,|#-`|,&`,&`,1,&`,True,,104,2
7d8f22b1,manual_audit_priority,ok,*,1,#)*>|,#)>|,#)>|,1,#)>|,True,,108,5
b4b73143,manual_audit_priority,ok,%,1,>!%!/,>\:,>\:,1,>\:,True,,108,1
6848a4e8,manual_audit_priority,ok,+,1,%|+<<,\$,\$,1,\$,True,,110,1
4e7e64a2,manual_audit_priority,ok,"""",1,"?>""!>",?&?%,?&?%,1,?&?%,True,,119,1
e483e127,manual_audit_priority,ok,},1,:]}#:,#''>,#''>,1,#''>,True,,119,1
28827821,manual_audit_priority,ok,+,1,!}+|/,}|^,}|^,1,}|^,True,,120,2
5a3eaf6f,manual_audit_priority,ok,<,1,"(?<\""","\{}""","\{}""",1,"\{}""",True,,144,1
bca230fd,manual_audit_priority,ok,`,1,!<`[$,!<[$,!<[$,1,!<[$,True,,144,6
95def4c4,manual_audit_priority,ok,+,1,''+&',\|,\|,1,\|,True,,180,1
e9f8559a,manual_audit_priority,ok,*,1,"!'*!""",!|:',!|:',1,!|:',True,,180,1
a4ee9fa6,manual_audit_priority,ok,+,1,|:+^@,^@|:,^@|:,1,^@|:,True,,192,3
02b8d816,manual_audit_priority,ok,+,1,>$+$>,>$$>,>$$>,1,>$$>,True,,204,70
d250fcc5,manual_audit_priority,ok,-,1,'&-)<,<%,<%,1,<%,True,,204,3
1342687b,manual_audit_priority,ok,*,1,%<*#(,<%#<,<%#<,1,<%#<,True,,216,2
6897f05e,manual_audit_priority,ok,+,1,:%+::,:%::,:%::,1,:%::,True,,216,2
2bca5e57,manual_audit_priority,ok,),1,@})^$,\}},\}},1,\}},True,,264,1
d3d30b86,manual_audit_priority,ok,+,1,!?+!$,!!$,!!$,1,!!$,True,,276,1
2ba4b99f,manual_audit_priority,ok,(,1,@|(\|,@:%>,@:%>,1,@:%>,True,,288,1
8dac3984,manual_audit_priority,ok,*,1,:!*:|,:!:|,:!:|,1,:!:|,True,,384,15
8ff1151c,manual_audit_priority,ok,|,1,()|)',"&(""&","&(""&",1,"&(""&",True,,384,1
f06547b1,manual_audit_priority,ok,!,1,""">!'%","[%""","[%""",1,"[%""",True,,384,1
3185fdeb,manual_audit_priority,ok,+,1,(%+|[,(%|[,(%|[,1,(%|[,True,,408,2
7cac497a,manual_audit_priority,ok,*,1,"<&*&""","%""""`","%""""`",1,"%""""`",True,,432,1
eac0e775,manual_audit_priority,ok,+,1,<(+<@,<@<(,<@<(,1,<@<(,True,,432,145
c413ac69,manual_audit_priority,ok,+,1,^}+}:,"{""]","{""]",1,"{""]",True,,484,1
0a3ee7c7,manual_audit_priority,ok,*,1,}\*%],\@)],\@)],1,\@)],True,,528,1
f4d3e67f,manual_audit_priority,ok,[,1,^{[%),%(,%(,1,%(,True,,576,4
57c845a6,manual_audit_priority,ok,-,1,>>-@`,]|,]|,1,]|,True,,588,1
434ca68a,manual_audit_priority,ok,@,1,]%@>%,%&&,%&&,1,%&&,True,,660,1
9eccbafd,manual_audit_priority,ok,#,1,""">#'`",@>,@>,1,@>,True,,693,4
81b6d789,manual_audit_priority,ok,*,1,@!*&),&)@!,&)@!,1,&)@!,True,,714,6
969a6b00,manual_audit_priority,ok,"""",1,"`^"">?",?!?>,?!?>,1,?!?>,True,,720,2
141a881e,manual_audit_priority,ok,*,1,@}*}%,//%',//%',1,//%',True,,748,1
982c0b42,manual_audit_priority,ok,*,1,"^&*""&",^}|%,^}|%,1,^}|%,True,,880,1
d7662688,manual_audit_priority,ok,*,1,]]*]&,]&]],]&]],1,]&]],True,,918,598
6de4855a,manual_audit_priority,ok,+,1,)'+'(,{|^,{|^,1,{|^,True,,1056,2
c9463bb4,manual_audit_priority,ok,*,1,/)*#<,)!!!,)!!!,1,)!!!,True,,1056,2
e585410a,manual_audit_priority,ok,+,1,"$""+!@","$""!@","$""!@",1,"$""!@",True,,1056,2
52be4988,manual_audit_priority,ok,+,1,&&+&`,'!,'!,1,'!,True,,1080,2
17fe003b,manual_audit_priority,ok,',1,^<'#`,"))""","))""",1,"))""",True,,1152,1
0cf301cf,manual_audit_priority,ok,],1,:#])<,{<,{<,1,{<,True,,1296,2
162ff61a,manual_audit_priority,ok,{,1,?>{]<,?!,?!,1,?!,True,,1296,6
d7bcb4a6,manual_audit_priority,ok,+,1,""">+>|",}{,}{,1,}{,True,,1296,6
811f5f56,manual_audit_priority,ok,:,1,(!:!@,\^^@,\^^@,1,\^^@,True,,1440,1
1a28140b,manual_audit_priority,ok,*,1,"""[*#/",%`&,%`&,1,%`&,True,,1500,1
d5a03a2e,manual_audit_priority,ok,),1,""""")&&",>>,>>,1,>>,True,,1728,2
91e9dc52,manual_audit_priority,ok,*,1,()*\$,$#)#,$#)#,1,$#)#,True,,1800,1
2f6531cb,manual_audit_priority,ok,\,1,@:\:',@::',@::',1,@::',True,,2178,368
11fee43b,manual_audit_priority,ok,*,1,&/*'&,]&'[,]&'[,1,]&'[,True,,2208,1
693432da,manual_audit_priority,ok,+,1,?(+>^,|>[,|>[,1,|>[,True,,2304,2
2b3540d8,manual_audit_priority,ok,*,1,"(:*?""",""":$""",""":$""",1,""":$""",True,,2640,2
17d62f7a,manual_audit_priority,ok,{,1,:&{@&,?|:|,?|:|,1,?|:|,True,,2856,6
1153ce4a,manual_audit_priority,ok,+,1,>`+\`,>|>,>|>,1,>|>,True,,3360,2
1f7cf3b9,manual_audit_priority,ok,*,1,)>*\^,\@:],\@:],1,\@:],True,,3360,2
9b4cffb2,manual_audit_priority,ok,+,1,))+@/,&@<,&@<,1,&@<,True,,3360,2
46c0e367,manual_audit_priority,ok,*,1,)&*[#,##[,##[,1,##[,True,,3696,2
923ac2b5,manual_audit_priority,ok,*,1,'[*@@,#'<@,#'<@,1,#'<@,True,,3780,5
4626d641,manual_audit_priority,ok,{,1,"!/{""?","@>"")","@>"")",1,"@>"")",True,,3888,6
4e8982d6,manual_audit_priority,ok,+,1,]]+?],/@:,/@:,1,/@:,True,,3933,3
9bfca34c,manual_audit_priority,ok,$,1,<{$>^,|>`,|>`,1,|>`,True,,4032,4
d350828e,manual_audit_priority,ok,:,1,"/{:""|",}!||,}!||,1,}!||,True,,4104,2
faf1121c,manual_audit_priority,ok,+,1,""")+@[",))[,))[,1,))[,True,,4332,1
e141dc83,manual_audit_priority,ok,+,1,&#+>:,:>,:>,1,:>,True,,4590,2
108067c3,manual_audit_priority,ok,|,1,['|<),$$`,$$`,1,$$`,True,,4608,4
8ca27f6f,manual_audit_priority,ok,-,1,]%-#@,(]%/,(]%/,1,(]%/,True,,4704,12
64c53621,manual_audit_priority,ok,*,1,`$*##,&>'$,&>'$,1,&>'$,True,,5184,3
c01cebb4,manual_audit_priority,ok,-,1,')-<$,-[},-[},1,-[},True,,5184,3
23c59364,manual_audit_priority,ok,[,1,"||["">",>/,>/,1,>/,True,,5808,4
30ac5c8e,manual_audit_priority,ok,+,1,@\+}?,)#?,)#?,1,)#?,True,,7128,3
0454705a,manual_audit_priority,ok,',1,(}'}|,%}|,%}|,1,%}|,True,,7392,4
8090718b,manual_audit_priority,ok,*,1,}'*?/,:/^?,:/^?,1,:/^?,True,,7392,2
712fe3e4,manual_audit_priority,ok,*,1,((*$$,:#$#,:#$#,1,:#$#,True,,7776,6
208d7838,manual_audit_priority,ok,-,1,[&-<>,[:,[:,1,[:,True,,7854,3
a34467bf,manual_audit_priority,ok,[,1,#?[(^,[\(,[\(,1,[\(,True,,7920,6
2613a77b,manual_audit_priority,ok,*,1,"""{*@!","""|%<","""|%<",1,"""|%<",True,,8712,5
afb53516,manual_audit_priority,ok,*,1,#%*</,<%&:,<%&:,1,<%&:,True,,8712,5
5e2581b6,manual_audit_priority,ok,+,1,'\+\[,]#,]#,1,]#,True,,8976,5
2d3547af,manual_audit_priority,ok,&,1,\$&\\,))^),))^),1,))^),True,,9108,5
8fdf7ccf,manual_audit_priority,ok,?,1,!<?$#,<$$%,<$$%,1,<$$%,True,,9216,4
7660ac93,manual_audit_priority,ok,*,1,!&*>!,{&,{&,1,{&,True,,13440,3
156e8c2c,manual_audit_priority,ok,+,3,#'+{',{[#,$#,1,$#,False,,3,1
43674aea,manual_audit_priority,ok,+,2,&#+&$,}#>,$&,1,$&,False,,30,1
fae3ee40,manual_audit_priority,ok,*,2,<#*&|,{$,|/',1,|/',False,,176,1
236a2204,manual_audit_priority,ok,*,2,{{*]),`>,&`,1,&`,False,,1344,10
d8d87a89,manual_audit_priority,ok,*,2,#<*'?,{,!{,1,!{,False,,6688,4
c37e694c,manual_audit_priority,ok,*,1,/{*{\,{&\\,&]&/,1,&]&/,False,,36,1
e3fbc768,manual_audit_priority,ok,/,1,{%/??,'(^),)[?:,1,)[?:,False,,48,1
e5e29014,manual_audit_priority,ok,-,1,>)-|),'%,>%|,1,>%|,False,,108,3
a12f00f4,manual_audit_priority,ok,+,1,)$+'`,$:[,"')'""",1,"')'""",False,,420,2
865eca43,manual_audit_priority,ok,-,1,`>-'>,',>,1,>,False,,432,1
3cf0f8cc,manual_audit_priority,ok,],1,&%]!/,%,}%,1,}%,False,,684,2
518deb39,manual_audit_priority,ok,-,1,$$-<>,$,^$,1,^$,False,,1960,3
3b97e6f6,manual_audit_priority,ok,-,1,>!-/',<,|>,1,|>,False,,5376,2
b06625c4,manual_audit_priority,ok,*,1,"""$*$]",^&/,<<,1,<<,False,,7392,5
a2b66927,manual_audit_priority,ok,-,1,)@-$|,{],@),1,@),False,,7920,6
c5bf415c,manual_audit_priority,ok,+,3,`<+^@,>:[,,2,>%|>:[,True,,13,1
339c28e1,manual_audit_priority,ok,+,3,<`+\>,&:&,,2,&:&|@::,True,,297,4
cc3ea471,manual_audit_priority,ok,-,3,{)-<},-!!,,2,-!!|-)!,True,,3240,2
fdbdf50c,manual_audit_priority,ok,-,3,|\-?|,"-\""",,2,"-\""|\""",True,,19008,4
b7e92a59,manual_audit_priority,ok,*,2,"""[*@|","""@|",,2,"""@|||[@",True,,4,2
035c4c40,manual_audit_priority,ok,-,2,?<-'#,??,,2,-??|??,True,,6,2
5f4b89b7,manual_audit_priority,ok,-,2,']->$,>\,,2,>\|\>,True,,6,2
afa9a53b,manual_audit_priority,ok,&,2,^^&:@,&%|,,2,&%'|&%|,True,,16,2
528b694b,manual_audit_priority,ok,<,2,>]<]),"""'",,2,"""'|<>^",True,,20,2
fba40625,manual_audit_priority,ok,',2,{>'?#,'>&,,2,'>&|>#,True,,28,2
c05828eb,manual_audit_priority,ok,-,2,)>-!@,-!|,,2,-!>|-!|,True,,30,1
5690981d,manual_audit_priority,ok,-,2,(`-&%,-](,,2,-(]|-](,True,,60,1
cf4c04c0,manual_audit_priority,ok,-,2,@|-#|,-[,,2,-[|[,True,,64,2
1520013c,manual_audit_priority,ok,>,2,{?>?[,[[,,2,>[[|[[,True,,96,3
0e2d6796,manual_audit_priority,ok,+,2,!)+'!,|)],,2,`)]||)],True,,140,8
cef50c24,manual_audit_priority,ok,$,2,`<$`/,?,,2,&?|?,True,,140,2
26258d8a,manual_audit_priority,ok,-,2,^&-^^,^,,2,&^|^,True,,192,2
7681df4d,manual_audit_priority,ok,-,2,&@-!!,<,,2,"""&|<",True,,240,3
fc2b2fc9,manual_audit_priority,ok,"""",2,"%<""<$",@:@,,2,@:@|`%,True,,252,1
022c4d73,manual_audit_priority,ok,?,2,:!?'/,!',,2,!'|?!',True,,288,3
a7836586,manual_audit_priority,ok,:,2,{|:%?,"%""",,2,"%""|:%""",True,,350,3
0b0a3643,manual_audit_priority,ok,-,2,'/-%),"""""",,2,"""""|-""""",True,,432,3
b3745e98,manual_audit_priority,ok,-,2,@\-|>,!',,2,!'|-!',True,,576,4
57712d01,manual_audit_priority,ok,-,2,$/-'{,-/<,,2,-/<|-</,True,,840,1
f297547e,manual_audit_priority,ok,-,2,))-)^,@},,2,@}|}@,True,,960,6
9634f949,manual_audit_priority,ok,],2,"%""]<@",^!^,,2,#<^|^!^,True,,1080,1
2d89386e,manual_audit_priority,ok,-,2,%]-$],:,,2,:|:@,True,,1536,2
4e67b066,manual_audit_priority,ok,-,2,`^-@(,-{^,,2,-{^|{^,True,,3432,3
b63d963c,manual_audit_priority,ok,+,2,""")+`)",<<!,,2,!<<|<<!,True,,4284,8
802c3591,manual_audit_priority,ok,<,2,)?<#`,"`""""""",,2,"@!#?|`""""""",True,,5488,5
f2209ca5,manual_audit_priority,ok,},2,$>}@/,>#<,,2,/#|>#<,True,,9072,12
cf79c10e,manual_audit_priority,ok,-,2,>]-#>,?(,,2,<>|?(,True,,12288,6
f624f57c,manual_audit_priority,ok,:,1,$@:$(,[,,2,[||[,True,,36,3
cca882b8,manual_audit_priority,ok,`,1,!{`>),>)<|,,2,#&#|>)<|,True,,48,2
610bf536,manual_audit_priority,ok,-,1,#}-#^,^,,2,#|^,True,,75,2
3d2cb38a,manual_audit_priority,ok,+,1,<}+#),}{,,2,\}<)|}{,True,,96,2
da062350,manual_audit_priority,ok,+,1,"?'+!""",<[,,2,<!|<[,True,,96,2
00457d26,manual_audit_priority,ok,-,1,[[-!',@&,,2,&@|@&,True,,99,2
6fcbf5fd,manual_audit_priority,ok,|,1,<)|`!,^`(,,2,)`|^`(,True,,108,2
875ddb60,manual_audit_priority,ok,-,1,<!-`{,"""<",,2,"""<|-""<",True,,182,1
6ec54946,manual_audit_priority,ok,+,1,/|+[],&>[&,,2,&>[&|>^|,True,,192,1
af7ec090,manual_audit_priority,ok,*,1,$\*'`,'''^,,2,&`}\|'''^,True,,198,4
a610040a,manual_audit_priority,ok,*,1,&@*@{,:(|:,,2,:(|:|{&&{,True,,396,3
7cc5442c,manual_audit_priority,ok,/,1,>'/#{,>#)>,,2,>#)>|>>(\,True,,528,2
7db0f3ee,manual_audit_priority,ok,*,1,%`*]%,[]|,,2,[]||{%[|,True,,528,1
06083e68,manual_audit_priority,ok,*,1,>\*:!,:::,,2,:::|>^:,True,,720,14
d25a49a0,manual_audit_priority,ok,-,1,&{-{|,}},,2,??|}},True,,896,3
7a422e17,manual_audit_priority,ok,@,1,"#`@{""",%'!,,2,"%'!|``}""",True,,968,2
ff121f08,manual_audit_priority,ok,+,1,!%+<<,#<,,2,#<|+#<,True,,1320,3
6f0a117d,manual_audit_priority,ok,-,1,]@-'[,-[\,,2,-[\|-\[,True,,1440,1
c7aae192,manual_audit_priority,ok,*,1,"\""*}}",">""(",,2,"#\>|>""(",True,,2304,18
a926d5d0,manual_audit_priority,ok,-,1,!#-&|,/<,,2,-/<|/<,True,,2376,3
a2ca3aae,manual_audit_priority,ok,*,1,</*[),\<?/,,2,:<?/|\<?/,True,,2400,4
bb9dd0ad,manual_audit_priority,ok,#,1,"""}#^/",/^//,,2,/^//|?\`/,True,,2420,1
c87ce9ea,manual_audit_priority,ok,),1,/:)(/,"""""%",,2,"""""%|%:%",True,,2592,4
6dacf247,manual_audit_priority,ok,\,1,?'\[',/,,2,/|/>,True,,2688,3
d600988d,manual_audit_priority,ok,-,1,}:-\},-<|,,2,-<||<|,True,,2720,6
35a562bd,manual_audit_priority,ok,*,1,#'*(',(%(?,,2,(%(?|(@)?,True,,2880,5
fcad9241,manual_audit_priority,ok,"""",1,"/'""/'",}?,,2,&?/|}?,True,,3264,12
ea04ed35,manual_audit_priority,ok,+,1,||+$&,"|""",,2,"""|||""",True,,3456,12
7c6fce02,manual_audit_priority,ok,#,1,'&#%>,:<,,2,:<|<:,True,,5148,2
0a2b9109,manual_audit_priority,ok,-,1,$[-^:,-?:,,2,-:?|-?:,True,,5632,3
a1503629,manual_audit_priority,ok,*,1,%<*@),@)[[,,2,@)%$|@)[[,True,,5760,4
eb0dcb97,manual_audit_priority,ok,-,1,"#}-""#",${,,2,${|-${,True,,7776,3
bcb0993a,manual_audit_priority,ok,-,1,"[(-""`",!!!,,2,!!!|:::,True,,8640,8
af95c8aa,manual_audit_priority,ok,+,1,}'+'$,'\],,2,"""\|'\]",True,,10880,6
11e77bf9,manual_audit_priority,ok,-,1,:!-&@,@',,2,-@'|@',True,,13464,6
1f64478c,manual_audit_priority,ok,+,3,#!+>\,:{,,2,$>|{>,False,,14,2
194695e8,manual_audit_priority,ok,-,1,!\-{<,%,,2,<!|{<,False,,432,3
3a7fe2a6,manual_audit_priority,ok,&,1,))&%|,&)!,,2,&)/|&)`,False,,2277,3
a8323497,manual_audit_priority,ok,},1,"'`}:""",$`,,2,!/|/!,False,,3920,4
b1733f3e,manual_audit_priority,ok,-,1,''-!],]/,,2,'&|-'&,False,,3960,5
750adc0c,manual_audit_priority,ok,/,1,((/!@,^/,,2,^|^:,False,,4590,4
2affe39c,manual_audit_priority,ok,+,1,"':+""?",(],,2,"(""'|((<",False,,6864,15
43ac121f,manual_audit_priority,ok,-,3,\(-({,-!],,3,-!$|-!)|-!],True,,4,1
0f6436da,manual_audit_priority,ok,+,3,'>+>$,$?,,3,$?|%?||/,True,,17,2
dbdbbaa3,manual_audit_priority,ok,+,3,>#+(>,>'',,3,'('|>''|>}',True,,42,2
59733f94,manual_audit_priority,ok,-,3,$/->/,/,,3,-/|-/{|/,True,,240,3
275b0f39,manual_audit_priority,ok,*,2,"%""*[#",[%[<,,3,%?\<|<[#<|[%[<,True,,10,1
bd01bfeb,manual_audit_priority,ok,-,2,"""#-&&",&^,,3,&^|'^|{^,True,,34,3
7db5c1af,manual_audit_priority,ok,',2,<<'(},'@:,,3,'@:|-@:|@:,True,,224,3
196ff375,manual_audit_priority,ok,\,2,%^\#@,@@@,,3,@:@|@<@|@@@,True,,350,3
38c7aca1,manual_audit_priority,ok,*,2,#{*&>,!!]{,,3,!!]{|!>>{|'>#{,True,,1536,26
758308ea,manual_audit_priority,ok,#,2,<(#<$,(,,3,'(|(|(',True,,5460,1
64b2cbb6,manual_audit_priority,ok,*,2,((*|<,*^#,,3,*^#|^#|^#-,True,,12276,4
4d04ce0c,manual_audit_priority,ok,&,1,?(&[},&:?,,3,&:?|-:?|:?,True,,68,3
f29193ea,manual_audit_priority,ok,!,1,"\>!""^",@%^,,3,%#>|@%^|\#/^,True,,348,9
bb1ee8e2,manual_audit_priority,ok,-,1,[/-?[,&,,3,$]|%&|&,True,,1512,4
94a8fe23,manual_audit_priority,ok,(,1,&%(:>,(\%,,3,(%:<|(>:|(\%,True,,2268,6
271a867c,manual_audit_priority,ok,-,1,<?-?{,:,,3,"""||:|}:",True,,2592,4
7a5cfe3e,manual_audit_priority,ok,-,1,&>-$$,-#>,,3,-#>|-&>|-[},True,,3528,3
f901d1cc,manual_audit_priority,ok,-,1,"&#-""`",-<),,3,&[|-<)|<),True,,5445,4
94e41495,manual_audit_priority,ok,-,1,|)->@,-|,,3,"-||-|""||",True,,7056,5
2de43f9f,manual_audit_priority,ok,+,1,'[+}>,'%,,3,%:>|'%|>!,True,,7920,8
2c9a8df6,manual_audit_priority,ok,-,1,&<-&&,-]\,,3,-<&]|-\|-]\,True,,8208,7
a266aeb5,manual_audit_priority,ok,-,1,@@-$],({,,3,({|}|}],True,,8316,4
9c697047,manual_audit_priority,ok,`,1,]{`'#,`:,,3,"`""}|`:|`:'",True,,8400,2
d67cbe5f,manual_audit_priority,ok,-,1,?)-)@,'@,,3,'@|-'@|-(^,True,,9504,6
e3890bf7,manual_audit_priority,ok,*,1,(^*{@,{@%],,3,$^#?|{@%&|{@&$,False,,66,2
a644f19d,manual_audit_priority,ok,:,1,%%:#<,#:,,3,#|#!|`},False,,2244,4
0d90736f,manual_audit_priority,ok,-,1,::-)[,:,,3,!:|-!:|/`,False,,9792,12
8494aad3,manual_audit_priority,ok,*,2,"])*<""","""`#&",,4,"""`#&|@@!@|]^^&|`!@",True,,7,2
8c4f70b6,manual_audit_priority,ok,-,2,^#-##,-@%,,4,"-""""$|-&%|-@#^|-@%",True,,616,11
7031716e,manual_audit_priority,ok,:,2,@?:(@,{[,,4,":@""|@""|@""-|{[",True,,6144,6
41554020,manual_audit_priority,ok,-,1,|:-}@,?:,,4,-:?|-?:|:?|?:,True,,16,2
c76fc189,manual_audit_priority,ok,-,1,>&-!!,-(<,,4,(<|-(<|-<(|<(,True,,42,2
175fc78a,manual_audit_priority,ok,*,1,^!*![,!)(',,4,!)('|'()!|<^!{|{!^<,True,,56,2
638f93ca,manual_audit_priority,ok,-,1,$<-]$,@,,4,/|@|`/|`@,True,,72,3
e2361a00,manual_audit_priority,ok,<,1,')<'),',,4,'|<'|<^|^,True,,115,5
684de068,manual_audit_priority,ok,-,1,"{""-)&","^""",,4,"""^|-""^|-^""|^""",True,,136,4
191ac967,manual_audit_priority,ok,!,1,}?!?$,!>,,4,!>|->|<>|>,True,,384,3
69eccfa5,manual_audit_priority,ok,-,1,$$-)|,\^,,4,-\^|-^\|\^|^\,True,,640,2
c934ffa1,manual_audit_priority,ok,@,1,"#""@""#",||,,4,)|||#||)|||,True,,988,23
64553a64,manual_audit_priority,ok,"""",1,"!@""`/",}#',,4,}!}|}#'|}`^|}}@,True,,4680,4
fa5dfa46,manual_audit_priority,ok,-,1,}^-`},-^},,4,-^@|-^}|^@|^},True,,5292,3
05bd2dab,manual_audit_priority,ok,[,1,'&[?!,[)),,4,))|))-|?\|[)),True,,6552,4
be7a9eb1,manual_audit_priority,ok,&,1,?]&[],[]`',,4,['>|[::?|[>??|[]`',True,,6776,2
7e3fefc6,manual_audit_priority,ok,-,1,((-:@,?,,4,-?|:}|?|@?,True,,10608,6
5c2ef0ae,manual_audit_priority,ok,*,1,/&*\?,'@,,4,'@|*'@|*(|*(#,True,,13464,5
912f9786,manual_audit_priority,ok,-,2,:^-&@,^/,,4,-:]|-]]|:]|]],False,,144,3
5e95a417,manual_audit_priority,ok,:,1,$]:]$,](>?,,4,(/||]?/|]|/?|]|{?,False,,7128,18
9081e954,manual_audit_priority,ok,},2,%{}(@,}{#,,5,"""'|""||%||'@|}{#",True,,60,2
76587d66,manual_audit_priority,ok,-,2,]`-]>,],,5,%`|/]|/^|]|^,True,,372,7
94367b1d,manual_audit_priority,ok,+,1,[[+|<,|',,5,'||>{|{>||'|||,True,,209,6
ca5db1c0,manual_audit_priority,ok,-,1,"(""-'|",^,,5,)@|-@%|@%|^|^?,True,,510,6
fe6da79d,manual_audit_priority,ok,*,1,{}*'!,:&]!,,5,$:#|:&]!|]\|{!|}#,True,,672,12
01b2aa67,manual_audit_priority,ok,+,1,|}+@},+},,5,"""}|+}|}|}""|}-",True,,11520,10
017a871e,manual_audit_priority,ok,-,1,"#!-""^",\:,,5,"!]]|#:|-#:|:!|^""",False,,7920,21
1ab54795,manual_audit_priority,ok,-,3,(|-\|,%,,6,%|-#|-%|-{|-|||,True,,2,1
dadc24d7,manual_audit_priority,ok,),2,[<){},{{,,6,%//|//%|/}|[[|{{|}/,True,,792,28
05109055,manual_audit_priority,ok,:,1,\(:|/,`>%/,,6,'\\\|@(/@|@|!|\@>|\@``|`>%/,True,,280,17
6e84a668,manual_audit_priority,ok,(,1,</(|),|!^{,,6,)^{|/!{{|/#{{|<<{^||!^{||'^{,True,,2304,9
8e6d01f1,manual_audit_priority,ok,!,1,"^:!>""",{},,6,]'|]'}^|]?|]{|{'|{},True,,10368,19
4d8df95b,manual_audit_priority,ok,-,2,??-??,),,6,-!!|-)|-))|-?|-??|?,False,,420,11
6c7f24b7,manual_audit_priority,ok,-,1,$'-^$,^,,6,$'|$^|'$|?||^$||?,False,,1056,7
54dbab41,manual_audit_priority,ok,+,1,`$+'),|$,,7,)$|)$})|[{$|[}$|{$||$|}$,True,,32,3
9925be81,manual_audit_priority,ok,[,1,]#[^),@}]),,7,#>!)|>!(^|>^|>^?]|?#()|@]?|^(@?,False,,192,8
810028f1,manual_audit_priority,ok,-,2,#&-[&,-&\,,8,-#\|-&\|-)\|-[(|-[(#|-`&|-`(|-`\,True,,192,17
b15368e8,manual_audit_priority,ok,+,2,\{+\`,^{,,8,"((|(^\|[(|\$|\[\|^\\|^{|{""",True,,286,16
0e3307ba,manual_audit_priority,ok,^,1,$/^{|,:$,,8,$|$$|$:|$<|:$|<$|<@|@<,True,,1824,5
7f4fc924,manual_audit_priority,ok,+,1,>>+#(,+[`,,8,+#[|+:|+:[|+[#|+[:|+[`|+`[|:,True,,2112,8
c9780577,manual_audit_priority,ok,+,1,\{+{|,)?,,8,)?|)|`|?@`|@?`|@|`|]|@|`!{!|`\,True,,9504,17
898bc85a,manual_audit_priority,ok,+,2,}?+?),^[[,,8,%)|%@[|%}[|)&|))|>)|@)|]@%,False,,437,11
ebc56423,manual_audit_priority,ok,-,3,[[-)},-(`,,9,-&%|-&:|-(&|-()|-([|-(`|-)`|->%|-`}&,True,,19,3
340321c8,manual_audit_priority,ok,-,3,!%-$!,-!:,,9,-!:|-$:|-&!|-&&}|-&:]|-&]:|-}`|-}``|-}}`,True,,36,6
79c81d5e,manual_audit_priority,ok,\,2,^#\!(,:],,9,!!|!&|##|#}|(:|:&|:]|?&|?:,True,,10,1
cc92d89f,manual_audit_priority,ok,-,2,"?|-""""",)[,,9,)(|)[|-(|-?`|-}|[||^|||[||`,True,,144,10
8e53b548,manual_audit_priority,ok,+,2,&&+)`,|'',,9,('|:%|`|||''||:@||@'||@\||\%|||%,True,,408,11
7d279557,manual_audit_priority,ok,*,2,^]*:@,::#,,9,!^|!{|$#|${|&:|::#|@#|]#|{|,True,,476,12
c43b5a13,manual_audit_priority,ok,+,2,$)+:$,)|,,9,&||)||/(||/||{)(|{<)|{{&|{{)|{|,True,,918,5
bcff7dbe,manual_audit_priority,ok,-,2,#)-[#,>[,,9,&&|)&|)[|/[|>[|@&|[@|}&|})[,True,,1008,16
5a0d95e2,manual_audit_priority,ok,*,1,{@*|{,/(#),,9,"&@#""|)|#&|/""((|/#&|/(#)|/))&|@/||[#@&|{[)""",True,,12,6
8395d060,manual_audit_priority,ok,*,1,?:*/|,?'@!,,9,?!@'|?'@!|?'@(|?(@'|@!/||@'/||@'?||@(/||@(?|,True,,22,5
97c04f50,manual_audit_priority,ok,*,1,`&*]&,"`#""&",,9,"$$&`|$&#(|$&#||$&$#|$(|&|$|(&|`#""&|`(>]|`|>]",True,,40,5
86ccbdf7,manual_audit_priority,ok,-,1,|?-?`,:|,,9,"""?|:||?""|?\|\|\?|\`|`\||:",True,,50,1
f7828fc1,manual_audit_priority,ok,*,1,"$""*{/","@${""",,9,">>@&|@""^>|@${""|@^]|@^`{|]^""{|^`^@|`^@^|{>/",True,,84,4
56ac76c6,manual_audit_priority,ok,+,1,$^+^`,>&{,,9,&\/$|&\{|>&`|>&{|>>|>?{|>\&|`&{|{{,True,,144,9
2e550436,manual_audit_priority,ok,+,1,`^+$!,?){,,9,(?{|)^{|<{{|?&{|?){|^${|^`{|{&|{?,True,,315,9
e3b06854,manual_audit_priority,ok,+,1,`:+`!,/&:,,9,):|/!:|/&:|/):|/::|/>:|/?:|?:|\:,True,,330,2
0d542478,manual_audit_priority,ok,!,1,</!&{,}<,,9,$|?|/{?|<||<}|?{/|?|$||}|}<|}|,True,,336,4
fc7e4f9b,manual_audit_priority,ok,-,1,$#-)^,?<,,9,#{|#||$)|)$|?<|{#|{|||#||{,True,,336,1
8916a10d,manual_audit_priority,ok,+,1,:}+<!,::,,9,(:|(}}|:(|::|<(]|<(^|<<(|^(}|^}},True,,360,4
d911e8e1,manual_audit_priority,ok,),1,@})<',:\:,,9,"##:|#@:|'#""}|:##|::}|:@#|:\:|}""#'|}::",True,,360,4
16ddcf94,manual_audit_priority,ok,*,1,!?*&!,"""^",,9,"""^|*""""""|*""?|*""^|*:&|*?""|*^?|*{&|*{?",True,,624,13
c69b17bf,manual_audit_priority,ok,-,1,)^-$),?),,9,$&|%%>|&$|&?|)??|>/?|>:?|?)|`%?,True,,624,12
10b71e8a,manual_audit_priority,ok,+,1,]?+>?,#}:,,9,##]|#:#|#^#|#}:|:#|\#|^#|^>}|^},True,,816,16
465a990c,manual_audit_priority,ok,-,1,"""[-&[",:,,9,#|-#|-&|-:|->|-\|:|>|\,True,,1440,6
cb7bd3d2,manual_audit_priority,ok,),1,[()`',[[?,,9,![!|(%`|/<[|<<|??|?[[|[</|[[?|`%(,True,,1694,8
ee49f4b7,manual_audit_priority,ok,*,1,'(*<),)(^(,,9,)(^(|))^(|)@'(|)^](|@'<(|]#((|^(((|^[@(|^]<(,True,,2304,1
52f499f4,manual_audit_priority,ok,>,1,/(>}@,$[^%,,9,$%!'|$[^%|$}'|(@}|/[%@|[%}|^}(^|}[@}|}^},True,,6048,12
5e4393fc,manual_audit_priority,ok,[,1,":|[\""","?"">""",,9,"""#/:|""?>?|:&/?|:\""|?"">""|?$#||\\>:||$>|||\""",True,,7616,20
e401ee4f,manual_audit_priority,ok,*,1,"[<*"">",^^@},,9,"""[?|&</<|<@/|<[?>|?}@|[<>|^@>|^^@}|}}&",True,,11424,25
c744d26e,manual_audit_priority,ok,+,2,%'+?>,#>/,,9,#%#|#%%|#%[|#'/|#/%|#>?|?/|??|?[,False,,7,1
35658269,manual_audit_priority,ok,:,2,[#:>(,":""#",,9,":""%|:""{|:%""|:%[|:>^""|:>^%|:>^{|:{""|:{[",False,,9,1
d13e92ec,manual_audit_priority,ok,-,2,@^-![,?&,,9,!?|!@|[?|[[|[]|]!|^?|`[|`],False,,12,1
0f01cece,manual_audit_priority,ok,+,2,:@+`\,@^,,9,(^|(}|:(}|:^\|:`\|@`|\^|\`|}(,False,,14,2
1fb37a08,manual_audit_priority,ok,',2,$|'<$,$!:,,9,$!%|$!&|$/%|&%|/%|<%|<<|@%||&,False,,20,3
842c7710,manual_audit_priority,ok,+,2,}%+/),///,,9,!!|!#|!%|#!|##|#%|?]|{%|}?},False,,23,2
bd36a922,manual_audit_priority,ok,?,2,<>?![,?(,,9,!||$$|$:/|$>|/$|/<|:<|[$||>,False,,32,1
03a3437f,manual_audit_priority,ok,-,2,'}-/>,-!,,9,!>|!`|>/|>>|>`|`!|`>|}:||}}`,False,,35,1
10552d46,manual_audit_priority,ok,-,2,(?-:(,?',,9,$$|$?|-$$|-$?|-`(|?(|??|?}|`(,False,,184,5
02664ad5,manual_audit_priority,ok,-,2,!}-(!,:}',,9,!['|)[|:'|`)|`^)|}`|}`!|}`:|}}[,False,,594,7
899e9abc,manual_audit_priority,ok,-,2,?)-}},"[""",,9,"-""(|-"")|-""`}|-""}`|-(/|-(}@|-?""|-?#|-@"")",False,,624,5
dfecf5f5,manual_audit_priority,ok,+,2,{?+>{,',,9,&/|&{|'{|:|::|?|^'||]||{,False,,648,5
b2a8384e,manual_audit_priority,ok,-,2,"<#-""""",-$,,9,#((|#>|(#|(}||)|}|<#|>(|>}|]),False,,704,4
c87d761a,manual_audit_priority,ok,+,2,?}+>`,'`(,,9,''`|''}|'(>|'>>|'>[|'?(|'[\|'\(|@\,False,,816,17
26a2a1b8,manual_audit_priority,ok,#,2,(\#</,(:,,9,(<\|:&|:(:|::&|:@@|:\|<<&|<@|<@:,False,,828,9
93e6d0c0,manual_audit_priority,ok,(,2,^|(>^,^<,,9,"""<|"">|""]|))|>}|])||||||^|}|",False,,1155,9
f09672d3,manual_audit_priority,ok,-,1,/[-}/,@],,9,@[|@\|@}|[@|\@|\]|]\|]]|}@,False,,4,1
14d4d68e,manual_audit_priority,ok,-,1,'/->[,-$',,9,'%^|''^|'<^|'{^|^%'|^''|^<'|^^'|^{',False,,8,1
c6c75305,manual_audit_priority,ok,*,1,`}*//,/\}%,,9,"/|/""""/|\>/|`""$/|`""%/|`$}/|`%}/|`(}/|}}//",False,,10,1
baebfd26,manual_audit_priority,ok,*,1,"<""*}(",">@(""",,9,"""'<""|('@(|>'!}|@""<@|@(@@|}@!(|}@}""|}]!{|}]<{",False,,12,1
c00f2605,manual_audit_priority,ok,-,1,?[-^&,"&""",,9,"""$|$""|$^|&]|&{|]""|]&|^$|{&",False,,14,1
177f0c22,manual_audit_priority,ok,-,1,>?-#[,/>,,9,"-?""||-?'||-?<|-??|-??||-?[||-?\|-?\||-?||",False,,20,1
ccf4b43c,manual_audit_priority,ok,-,1,"@""-!?",-%#,,9,"-""""$|-""\$|-#?$|-$""""|-$?#|-$?%|-$?\|-$\""|-\?$",False,,28,1
6d6d0531,manual_audit_priority,ok,),1,/')`&,)@/,,9,")$""$|)$$""|)$$?|)$/?|)$[`|)&`$|)'`$|)[&$|)['$",False,,33,1
893ffb06,manual_audit_priority,ok,-,1,@`-`:,-@',,9,-!}||-'{|-'||-)):|-)){|-:@{|-|@{|-}}:|-}}{,False,,34,4
0dce4039,manual_audit_priority,ok,-,1,)!-#>,-@/,,9,''|'||/'|/:|:#|>||@`|`)|`|,False,,68,1
9ae663c3,manual_audit_priority,ok,-,1,(#-?},:,,9,-:>|-<>|-<?|-><|-?<|<>|<?|><|?<,False,,68,3
7f5758a8,manual_audit_priority,ok,+,1,)>+<#,'!!,,9,'(|'?|(?|(@|>>)|>?)|>@|?!?|?@,False,,76,3
0df82d52,manual_audit_priority,ok,"""",1,"/}""#`","""!!",,9,!!|!)|!?|!]|!`|)!|?!|]!|`!,False,,96,3
1ac66163,manual_audit_priority,ok,+,1,``+[`,#'[,,9,"""'|#/|'""|']|/#|/]|['#|]'|]/",False,,96,4
2c1cace4,manual_audit_priority,ok,-,1,"]}-$""",!},,9,"!||""|!|$@'|@!|}|@""!|@$$!|@|]'|]]!'|||$",False,,96,2
a5f1991c,manual_audit_priority,ok,/,1,!?/&&,/|',,9,!'|!^|>|>'|@|^|^'||||',False,,108,1
a35fa1a0,manual_audit_priority,ok,*,1,"'(*\""","""&`]",,9,"#""(|&#&(|&`'""|'`$&|('\)|)##&|)')|)]](|\#``",False,,168,4
18a4d39d,manual_audit_priority,ok,*,1,"^""*<>","#$""/",,9,"#<>[|/>/|>##""|[{|[{>|^#{>|^$>[|^|/||^|{|",False,,180,2
ae6be599,manual_audit_priority,ok,+,1,$?+]$,#`,,9,"%#$|%$""|%$#|%$\|%?$|%\""|%\\|%|$||""",False,,192,1
771472d6,manual_audit_priority,ok,-,1,?'-\\,-'?,,9,-)#|-){:|-)}|-:#{|-:::|-:{{|-:{}|-{)|-}{,False,,196,1
7dbaea4b,manual_audit_priority,ok,-,1,}@-][,[),,9,"-""[[|-""]|-]""[|-])[|-]@[|-][[|-]]|-}""[|-}}[",False,,252,2
63603ee7,manual_audit_priority,ok,-,1,^[-[^,-$,,9,"""|""$|"":|$""|$`|:|:""|[|`$",False,,288,7
7c0e238e,manual_audit_priority,ok,*,1,'`*:$,*^:,,9,"$""[|$:[|[%%|[%:|[^'|[`[|[|""|[|:|^`[",False,,330,1
09d5ee68,manual_audit_priority,ok,*,1,|:*>>,!?'!,,9,!>|:|&>$>|:$?&|<>!:|>|?<'>|?>!>||?!>|||:,False,,360,4
a1230047,manual_audit_priority,ok,-,1,${->&,%&,,9,"!$|!{|$[|>""|>$|>>[|["">|[>!|{[",False,,360,13
844f826c,manual_audit_priority,ok,*,1,`@*>`,"/""",,9,"""`/|#^`|)`/|/"">|/>/|/>]|/]`|/`|]""#",False,,396,4
19ab8087,manual_audit_priority,ok,+,1,\/+!^,^)],,9,(]|)(|\)|]!|]$|]\|^(|^]|^^,False,,504,1
afdb7326,manual_audit_priority,ok,%,1,@^%(^,%\,,9,%$:(|%$:@|%$<^|%$>|%)\^|%:>|%:\|%>$|%\$,False,,504,7
252d0997,manual_audit_priority,ok,-,1,)[-`/,-/@,,9,-()|-(`|-/&|-/(|-@&|-@]|-@}|-](|-]},False,,576,1
f3ce6fa4,manual_audit_priority,ok,-,1,"'<-""""","""{",,9,"-%|-%:|-%@|-:""|-:%|-<'|-<?|-{'|<'",False,,616,4
fc137acd,manual_audit_priority,ok,*,1,)#*[`,^^{>,,9,[{))|^{<|^||^|$|``<|`{))|`{[|{${|{`^,False,,627,3
6d87d164,manual_audit_priority,ok,+,1,[&+}&,'[,,9,%`|&''|&('|&(`|&]`|&``|]'|}'|}`,False,,660,1
da2998b6,manual_audit_priority,ok,-,1,<(-<#,-?|,,9,-$|-(|->$?|->[[|->^||-?$|-[#|-[|$<|-^$,False,,680,13
60ed3f31,manual_audit_priority,ok,*,1,@%*:\,@%:\,,9,#:}:|#@%|:%@|:\(|:}#|>:\|>\\|@>^:|@>}:,False,,684,3
42bde66c,manual_audit_priority,ok,+,1,#<+#/,>),,9,({|)#|)(|))|<&|^#|^)|^^|{,False,,720,2
78002bf2,manual_audit_priority,ok,-,1,{{-{`,:,,9,"!""(|!"":|!(:|!:(|(]|:]|>!|](|]:",False,,726,2
9eaae1f1,manual_audit_priority,ok,-,1,[|-/[,/\,,9,-&//|-'||-/'\|-/'{|-/\|-/\\|-/{|-/|'|-\'/,False,,816,2
58c099d2,manual_audit_priority,ok,-,1,^!-#\,-)\,,9,-!&|-&!|-&||-)&|-\`|-^`|-^||-|)|-|\,False,,924,10
c6e60b82,manual_audit_priority,ok,<,1,#[<[|,@),,9,)#|)\|::\|:\\|>[|@\|[}|\>||},False,,952,2
31051ff2,manual_audit_priority,ok,+,1,@`+|`,||,,9,"#@|%]#|<#]|]#<|]^`|^#}|`""""|`#]|}}",False,,1116,8
4612258e,manual_audit_priority,ok,-,1,)#-:@,-[!,,9,-#)|-#/|->!!|->/!|-[)!|-[/!|-{)!|-}!|-}/,False,,1122,1
491b8ea5,manual_audit_priority,ok,-,1,@|-]!,)!,,9,)}]|)}^|)}{|/]^|/]{|/}]|@^^|@{{|}^{,False,,1296,1
d1c6beb0,manual_audit_priority,ok,`,1,\\`%',|/,,9,%%'|'%'|)\|/>|[|%|\)|\)'|{%|{\,False,,1440,12
28b0ff48,manual_audit_priority,ok,-,1,|^-^^,'],,9,"""?|#?|(?|/?|?""|?#|?/|?]|]?",False,,1980,5
8187e517,manual_audit_priority,ok,+,1,{(+)#,@&#,,9,"""#&)|#%))|#)|%#))|%<)|{""<)|{#<)|{(&)|{@"")",False,,5544,10
e9aece37,manual_audit_priority,ok,*,1,"""""*((","[`""`",,9,"""\??|#%'?|?""?\|?""`}|?(?#|?(?'|?\}?|\""'\|}%?""",False,,5544,74
51da0ee1,manual_audit_priority,ok,+,1,"]]+]""",:]:,,9,"&""]|&'|&^|:'|::|]'^|^&|`'^|{]{",False,,6270,10
a3183159,manual_audit_priority,ok,-,1,"`|-}""",`{,,9,"-""}|-(?|-([(|-](|-]||-`[|-|[|-|`|-|}][",False,,7128,14
e582df31,manual_audit_priority,ok,?,1,"""'?]@",}@,,9,"?""|?""^|?""}#|?##|?##}|?'}|?@'^'|?]:/|?^^@",False,,8208,10
5c9f274a,manual_audit_priority,ok,*,1,}:*?:,:[``,,9,!!:`|!`'|!}`!|'>'|>?{?|`<'[|`<`?|{[<>|}'[:,False,,13068,21
a77be9fa,manual_audit_priority,ok,|,1,{>|$[,"[""",,9,$:|::|:\|\{|^}|{${|}$|}\|}}{,False,,17952,7
01ef1e3e,manual_audit_priority,query_operator_unseen,+,0,''+`!,[](,,0,,False,,0,0
02902eb3,manual_audit_priority,query_operator_unseen,+,0,!!+$>,>/,,0,,False,,0,0
02e871e4,manual_audit_priority,query_operator_unseen,-,0,\]-]#,$',,0,,False,,0,0
055a8b01,manual_audit_priority,query_operator_unseen,-,0,//-/$,',,0,,False,,0,0
0625f633,manual_audit_priority,query_operator_unseen,*,0,))*!(,@@//,,0,,False,,0,0
07b440f0,manual_audit_priority,query_operator_unseen,-,0,@$-^$,@$^$,,0,,False,,0,0
0bb591e6,manual_audit_priority,query_operator_unseen,+,0,"""$+%%",%?<,,0,,False,,0,0
0c0c6320,manual_audit_priority,query_operator_unseen,*,0,>!*|{,""":!|",,0,,False,,0,0
0c30f561,manual_audit_priority,query_operator_unseen,-,0,^]-^^,-],,0,,False,,0,0
0da1841f,manual_audit_priority,query_operator_unseen,+,0,(\+#%,(\#%,,0,,False,,0,0
0fcf912a,manual_audit_priority,query_operator_unseen,^,0,|#^&!,|#&!,,0,,False,,0,0
15950a46,manual_audit_priority,query_operator_unseen,*,0,<$*}&,}@<[,,0,,False,,0,0
17d40290,manual_audit_priority,query_operator_unseen,-,0,"}""-}!",$:,,0,,False,,0,0
18bce168,manual_audit_priority,query_operator_unseen,:,0,&}:)),@&`{,,0,,False,,0,0
1a112a8f,manual_audit_priority,query_operator_unseen,{,0,?){|$,>?,,0,,False,,0,0
1a493b13,manual_audit_priority,query_operator_unseen,-,0,@^-@:,-],,0,,False,,0,0
1cce5949,manual_audit_priority,query_operator_unseen,},0,`\}`],[?},,0,,False,,0,0
20e6b2d1,manual_audit_priority,query_operator_unseen,-,0,@`-](,'',,0,,False,,0,0
21ee162c,manual_audit_priority,query_operator_unseen,),0,'$)/&,'&{,,0,,False,,0,0
258b796b,manual_audit_priority,query_operator_unseen,*,0,`]*|[,`]|[,,0,,False,,0,0
25e89624,manual_audit_priority,query_operator_unseen,+,0,>)+\|,"[""$",,0,,False,,0,0
25ee72c3,manual_audit_priority,query_operator_unseen,*,0,"#""*<<","#""<<",,0,,False,,0,0
27fdca03,manual_audit_priority,query_operator_unseen,$,0,}/$(/,@!,,0,,False,,0,0
2d624cab,manual_audit_priority,query_operator_unseen,`,0,>)`#',![)],,0,,False,,0,0
2db53c85,manual_audit_priority,query_operator_unseen,*,0,{{*|',)//:,,0,,False,,0,0
2e8fc884,manual_audit_priority,query_operator_unseen,+,0,|<+?{,<[$,,0,,False,,0,0
2e9973b7,manual_audit_priority,query_operator_unseen,+,0,)\+?%,)\?%,,0,,False,,0,0
303c84ea,manual_audit_priority,query_operator_unseen,(,0,'|(`$,#$$,,0,,False,,0,0
303fc16b,manual_audit_priority,query_operator_unseen,<,0,"(""<\""",'?,,0,,False,,0,0
305a3436,manual_audit_priority,query_operator_unseen,+,0,'{+@`,&{',,0,,False,,0,0
30e4b199,manual_audit_priority,query_operator_unseen,\,0,@@\&&,|:|,,0,,False,,0,0
31678582,manual_audit_priority,query_operator_unseen,&,0,"#/&"":",<:),,0,,False,,0,0
31b8db52,manual_audit_priority,query_operator_unseen,*,0,)(*::,<{|?,,0,,False,,0,0
32bb8ff5,manual_audit_priority,query_operator_unseen,-,0,??-&:,`&,,0,,False,,0,0
34d1d16f,manual_audit_priority,query_operator_unseen,^,0,'/^?@,^|!,,0,,False,,0,0
36b5df1b,manual_audit_priority,query_operator_unseen,%,0,`'%|!,%\/,,0,,False,,0,0
38a49ff0,manual_audit_priority,query_operator_unseen,$,0,&}$\!,&/>?,,0,,False,,0,0
398478f6,manual_audit_priority,query_operator_unseen,+,0,|)+@),:[,,0,,False,,0,0
3b7148f6,manual_audit_priority,query_operator_unseen,+,0,&)+)\,&&$,,0,,False,,0,0
3cc03e36,manual_audit_priority,query_operator_unseen,*,0,#/*|#,}|(#,,0,,False,,0,0
3f8d5299,manual_audit_priority,query_operator_unseen,&,0,">""&!^",^\>,,0,,False,,0,0
40ba1b6f,manual_audit_priority,query_operator_unseen,-,0,@]-$(,$(,,0,,False,,0,0
432b1110,manual_audit_priority,query_operator_unseen,*,0,\{*<?,%[:?,,0,,False,,0,0
468bf9fc,manual_audit_priority,query_operator_unseen,+,0,!!+:!,>!%,,0,,False,,0,0
48817fa0,manual_audit_priority,query_operator_unseen,?,0,"}[?!""",##:%,,0,,False,,0,0
4a02017f,manual_audit_priority,query_operator_unseen,+,0,"#?+'""",'&},,0,,False,,0,0
4bb8c6cd,manual_audit_priority,query_operator_unseen,*,0,]}*\!,]}\!,,0,,False,,0,0
4f2351e5,manual_audit_priority,query_operator_unseen,\,0,[[\}),<`,,0,,False,,0,0
4fd29059,manual_audit_priority,query_operator_unseen,*,0,:[*':,'%%[,,0,,False,,0,0
51174a9d,manual_audit_priority,query_operator_unseen,},0,$|}||,[/<,,0,,False,,0,0
5128831c,manual_audit_priority,query_operator_unseen,+,0,[^+{&,&[$,,0,,False,,0,0
51352792,manual_audit_priority,query_operator_unseen,*,0,"""/*|""","`""<`",,0,,False,,0,0
54e8c553,manual_audit_priority,query_operator_unseen,|,0,"""""|""]",$$<<,,0,,False,,0,0
5501c054,manual_audit_priority,query_operator_unseen,$,0,!#$#^,[#>#,,0,,False,,0,0
55f4fa64,manual_audit_priority,query_operator_unseen,[,0,{{[!?,{{!?,,0,,False,,0,0
563bf8f9,manual_audit_priority,query_operator_unseen,-,0,"""!-//",-'/,,0,,False,,0,0
5998ac05,manual_audit_priority,query_operator_unseen,"""",0,"]<""@:","""<",,0,,False,,0,0
5b2523e6,manual_audit_priority,query_operator_unseen,-,0,><-\$,&&,,0,,False,,0,0
5d35ee2e,manual_audit_priority,query_operator_unseen,+,0,[&+[[,&/{,,0,,False,,0,0
5e0c542f,manual_audit_priority,query_operator_unseen,#,0,}:#}(,/,,0,,False,,0,0
5e989cc5,manual_audit_priority,query_operator_unseen,+,0,>{+$^,$$,,0,,False,,0,0
60d928d0,manual_audit_priority,query_operator_unseen,$,0,}^$%?,@}',,0,,False,,0,0
62896e95,manual_audit_priority,query_operator_unseen,`,0,&&`}/,]]%&,,0,,False,,0,0
62fc7798,manual_audit_priority,query_operator_unseen,-,0,((-&},}&,,0,,False,,0,0
680b66f2,manual_audit_priority,query_operator_unseen,+,0,!<+<\,}$,,0,,False,,0,0
685be3a7,manual_audit_priority,query_operator_unseen,+,0,!?+`:,>$$,,0,,False,,0,0
69771374,manual_audit_priority,query_operator_unseen,+,0,<'+)#,#}(,,0,,False,,0,0
6b2e0c5a,manual_audit_priority,query_operator_unseen,"""",0,"':""/$",!(:',,0,,False,,0,0
6c30f260,manual_audit_priority,query_operator_unseen,-,0,[?-:[,-\(,,0,,False,,0,0
6cc5dafb,manual_audit_priority,query_operator_unseen,!,0,^&!>),)(,,0,,False,,0,0
6fc35fc2,manual_audit_priority,query_operator_unseen,+,0,)|+'',/}',,0,,False,,0,0
70851afe,manual_audit_priority,query_operator_unseen,-,0,""":-`@","@""",,0,,False,,0,0
715e0259,manual_audit_priority,query_operator_unseen,{,0,]!{?<,$|?,,0,,False,,0,0
72413b7f,manual_audit_priority,query_operator_unseen,+,0,#]+[!,"""/#",,0,,False,,0,0
73e0994b,manual_audit_priority,query_operator_unseen,(,0,<'(}),)<',,0,,False,,0,0
74914eac,manual_audit_priority,query_operator_unseen,',0,"""""'::",::,,0,,False,,0,0
767174e8,manual_audit_priority,query_operator_unseen,?,0,`<?</,]},,0,,False,,0,0
76c48f67,manual_audit_priority,query_operator_unseen,`,0,']`|?,']#|,,0,,False,,0,0
77365caf,manual_audit_priority,query_operator_unseen,&,0,\$&::,$|,,0,,False,,0,0
7924844c,manual_audit_priority,query_operator_unseen,-,0,>\->},-(,,0,,False,,0,0
7933172a,manual_audit_priority,query_operator_unseen,+,0,%#+^`,^/&`,,0,,False,,0,0
7a65a8eb,manual_audit_priority,query_operator_unseen,*,0,'(*??,}'#',,0,,False,,0,0
7cb3089e,manual_audit_priority,query_operator_unseen,-,0,^^-!$,}%,,0,,False,,0,0
82109e34,manual_audit_priority,query_operator_unseen,-,0,'^-^^,-@>,,0,,False,,0,0
82b32563,manual_audit_priority,query_operator_unseen,+,0,%\+^\,^\%\,,0,,False,,0,0
82baf39f,manual_audit_priority,query_operator_unseen,#,0,@`#</,`<@,,0,,False,,0,0
8326116b,manual_audit_priority,query_operator_unseen,*,0,#:*#\,{{@?,,0,,False,,0,0
837a6ae7,manual_audit_priority,query_operator_unseen,*,0,"<{*:""",<>\>,,0,,False,,0,0
83d7dcd4,manual_audit_priority,query_operator_unseen,?,0,>{?|>,?|`,,0,,False,,0,0
86088a1b,manual_audit_priority,query_operator_unseen,-,0,!}-^`,&,,0,,False,,0,0
861cb0b2,manual_audit_priority,query_operator_unseen,-,0,/>-/>,%,,0,,False,,0,0
8753cdcc,manual_audit_priority,query_operator_unseen,+,0,"%%+)""","'""""",,0,,False,,0,0
8a0c1aab,manual_audit_priority,query_operator_unseen,-,0,<[-}[,<,,0,,False,,0,0
8bd4b4c8,manual_audit_priority,query_operator_unseen,],0,'>]`#,??[,,0,,False,,0,0
8d9a062b,manual_audit_priority,query_operator_unseen,>,0,\}>!:,^!,,0,,False,,0,0
8f1af066,manual_audit_priority,query_operator_unseen,-,0,$`-!`,-`[,,0,,False,,0,0
90f00d9b,manual_audit_priority,query_operator_unseen,+,0,\<+({,{#,,0,,False,,0,0
9243dd78,manual_audit_priority,query_operator_unseen,+,0,}}+@?,"""<",,0,,False,,0,0
93c9b36b,manual_audit_priority,query_operator_unseen,+,0,)}+%),>^[,,0,,False,,0,0
94b3156f,manual_audit_priority,query_operator_unseen,),0,"|()""}",)'',,0,,False,,0,0
97abca56,manual_audit_priority,query_operator_unseen,*,0,(:*`',`#::,,0,,False,,0,0
98eed496,manual_audit_priority,query_operator_unseen,>,0,^[>}`,^[}`,,0,,False,,0,0
9935aa11,manual_audit_priority,query_operator_unseen,-,0,<`-)<,-`#,,0,,False,,0,0
99b7018f,manual_audit_priority,query_operator_unseen,+,0,|'+$',>\:,,0,,False,,0,0
9dfe5ac9,manual_audit_priority,query_operator_unseen,*,0,"'\*%""","'\%""",,0,,False,,0,0
9eacc9a2,manual_audit_priority,query_operator_unseen,*,0,[%*:`,%?}%,,0,,False,,0,0
9f1015a1,manual_audit_priority,query_operator_unseen,-,0,\)-&#,-$\,,0,,False,,0,0
9fdb18b7,manual_audit_priority,query_operator_unseen,-,0,|%-^^,^},,0,,False,,0,0
9ff449aa,manual_audit_priority,query_operator_unseen,+,0,"(>+'""","%"">",,0,,False,,0,0
a40497f9,manual_audit_priority,query_operator_unseen,*,0,<%*]\,%]\<,,0,,False,,0,0
a9d91ec1,manual_audit_priority,query_operator_unseen,>,0,'!>{?,:'%?,,0,,False,,0,0
aa2e27a3,manual_audit_priority,query_operator_unseen,-,0,[{-((,$(,,0,,False,,0,0
adcc6292,manual_audit_priority,query_operator_unseen,-,0,@:-[^,-}^,,0,,False,,0,0
af0e4262,manual_audit_priority,query_operator_unseen,-,0,"""@-/$",]{,,0,,False,,0,0
b1181806,manual_audit_priority,query_operator_unseen,|,0,((|&&,|>>,,0,,False,,0,0
b16d6db2,manual_audit_priority,query_operator_unseen,+,0,%`+{%,":""<",,0,,False,,0,0
b271a61c,manual_audit_priority,query_operator_unseen,*,0,/<*\/,*@^,,0,,False,,0,0
b47e8621,manual_audit_priority,query_operator_unseen,+,0,((+<',><<,,0,,False,,0,0
b5a936a9,manual_audit_priority,query_operator_unseen,-,0,^>->`,"-""(",,0,,False,,0,0
b8432f69,manual_audit_priority,query_operator_unseen,*,0,!{*!},:&&,,0,,False,,0,0
bbcd608d,manual_audit_priority,query_operator_unseen,<,0,)'<(%,''[,,0,,False,,0,0
bc1ef494,manual_audit_priority,query_operator_unseen,*,0,)(*\#,#)],,0,,False,,0,0
bf2220e7,manual_audit_priority,query_operator_unseen,-,0,"(:-(""",:,,0,,False,,0,0
c24074a8,manual_audit_priority,query_operator_unseen,`,0,]]`]%,&/,,0,,False,,0,0
c32681cb,manual_audit_priority,query_operator_unseen,-,0,&$-)|,<&,,0,,False,,0,0
c7844441,manual_audit_priority,query_operator_unseen,[,0,:/[$^,:/$^,,0,,False,,0,0
c922dbb4,manual_audit_priority,query_operator_unseen,-,0,<&-:@,>@,,0,,False,,0,0
c9e16aff,manual_audit_priority,query_operator_unseen,*,0,(]*]:,]:(],,0,,False,,0,0
ca109b5e,manual_audit_priority,query_operator_unseen,%,0,!`%[^,?#?,,0,,False,,0,0
ca43107b,manual_audit_priority,query_operator_unseen,},0,{^}^|,?,,0,,False,,0,0
cb7bb0d0,manual_audit_priority,query_operator_unseen,+,0,@>+[@,}!,,0,,False,,0,0
cca64860,manual_audit_priority,query_operator_unseen,+,0,"""!+??",(,,0,,False,,0,0
cd1c5cc3,manual_audit_priority,query_operator_unseen,-,0,``-]:,!`,,0,,False,,0,0
cef4c8a9,manual_audit_priority,query_operator_unseen,-,0,[{-##,]`,,0,,False,,0,0
d407570e,manual_audit_priority,query_operator_unseen,*,0,(^*#&,)}}&,,0,,False,,0,0
d45dc67f,manual_audit_priority,query_operator_unseen,},0,%|}|',(%(,,0,,False,,0,0
d56a1b4c,manual_audit_priority,query_operator_unseen,#,0,%&#$>,"{/""",,0,,False,,0,0
d6f18fc8,manual_audit_priority,query_operator_unseen,-,0,![-&},-},,0,,False,,0,0
d8126121,manual_audit_priority,query_operator_unseen,),0,\$)$\,$$(:,,0,,False,,0,0
da10a947,manual_audit_priority,query_operator_unseen,-,0,/{-^{,^$!^,,0,,False,,0,0
da51295d,manual_audit_priority,query_operator_unseen,{,0,/>{[<,@]`,,0,,False,,0,0
da931308,manual_audit_priority,query_operator_unseen,-,0,^}-}(,-(],,0,,False,,0,0
dad3bf21,manual_audit_priority,query_operator_unseen,-,0,`&-$[,-}},,0,,False,,0,0
db564ba9,manual_audit_priority,query_operator_unseen,*,0,)]*)^,(`#,,0,,False,,0,0
dba045b0,manual_audit_priority,query_operator_unseen,-,0,}<-}`,`,,0,,False,,0,0
dc93896e,manual_audit_priority,query_operator_unseen,+,0,?<+//,[?<,,0,,False,,0,0
deed3497,manual_audit_priority,query_operator_unseen,?,0,\^?]],\^]],,0,,False,,0,0
e126a1e3,manual_audit_priority,query_operator_unseen,*,0,{{*@?,"<"":",,0,,False,,0,0
e38c423b,manual_audit_priority,query_operator_unseen,+,0,"""(+@""","""(@""",,0,,False,,0,0
e4ca4f9e,manual_audit_priority,query_operator_unseen,',0,#:'{@,'#{,,0,,False,,0,0
e5d6e090,manual_audit_priority,query_operator_unseen,+,0,@@+><,#<@,,0,,False,,0,0
e6af1658,manual_audit_priority,query_operator_unseen,*,0,)]*][,)})/,,0,,False,,0,0
eb1a62f7,manual_audit_priority,query_operator_unseen,*,0,)}*>),>!>},,0,,False,,0,0
efc9691d,manual_audit_priority,query_operator_unseen,+,0,<?+#/,+$(,,0,,False,,0,0
f1680db9,manual_audit_priority,query_operator_unseen,*,0,#$*>$,:|#>,,0,,False,,0,0
f3959455,manual_audit_priority,query_operator_unseen,+,0,%%+%/,:$,,0,,False,,0,0
f45dd620,manual_audit_priority,query_operator_unseen,-,0,!'-${,-??,,0,,False,,0,0
f4f92956,manual_audit_priority,query_operator_unseen,"""",0,"()""%}",(`)),,0,,False,,0,0
f5126d48,manual_audit_priority,query_operator_unseen,*,0,/@*$:,${&@,,0,,False,,0,0
f519ace9,manual_audit_priority,query_operator_unseen,-,0,"""'-""(",-(,,0,,False,,0,0
f7e8ca63,manual_audit_priority,query_operator_unseen,*,0,?{*{},>}{`,,0,,False,,0,0
f9799a68,manual_audit_priority,query_operator_unseen,*,0,:^*?\,&:/?,,0,,False,,0,0
fa4d703a,manual_audit_priority,query_operator_unseen,-,0,^)-)),"^^""""",,0,,False,,0,0
fc3982df,manual_audit_priority,query_operator_unseen,*,0,"[""*#\","#\[""",,0,,False,,0,0
