id,prompt,answer,family,subfamily,answer_type,parse_ok,parse_confidence,num_examples,query_raw,group_signature,hard_score,risk_bin,prompt_len_chars,prompt_len_words,answer_len,contains_right_brace,contains_backslash,contains_backtick,is_public_test_overlap,special_chars,query_value_float,estimated_g,estimated_ratio,roman_query_value,bit_query_binary,fit_family,query_hamming_bin,g_bin,answer_decimal_style,ratio_bin,query_bin,near_round_boundary,answer_word_count,token_len_signature,char_overlap_bin,rare_token_flag,unique_char_ratio,token_length_pattern_rare,query_charset_rarity,boxed_safe,template_main,template_main_label,template_subtype,teacher_solver_candidate,auto_solver_predicted_answer,auto_solver_match,verified_trace_ready,example_consistency_ok,selection_tier,audit_priority_score,audit_reasons,analysis_notes,family_analysis_json,suspect_label,bit_simple_family,bit_candidate_signature,bit_independent_unique,bit_bijection_unique,bit_bijection_solution_count,bit_boolean2_unique,bit_boolean3_unique,bit_affine_unique,bit_byte_transform_unique,bit_no_candidate_positions,bit_multi_candidate_positions,bit_byte_transform_names,bit_hybrid_consensus_ready,bit_hybrid_consensus_varset,bit_hybrid_consensus_match_count,bit_hybrid_consensus_prediction_count,bit_structured_formula_name,bit_structured_formula_prediction,bit_structured_formula_matches_gold,bit_structured_formula_match_count,bit_structured_formula_prediction_count,bit_structured_formula_safe_support,bit_structured_formula_safe,text_wordmap_predicted_answer,text_unknown_char_count,text_unknown_chars,text_answer_completion_new_pair_count,text_answer_completion_pairs,symbol_query_operator,symbol_same_operator_example_count,symbol_numeric_formula_name,symbol_numeric_candidate_prediction_count,glyph_multiset_possible,glyph_order_acyclic
16699d43,"In Alice's Wonderland, a secret set of transformation rules is applied to equations. Below are a few examples:
33@37 = 71
67}12 = 6712
45+21 = 24
Now, determine the result for: 67+57",10,symbol_equation,equation_transduction,numeric,True,0.94,3,67+57,atypenumeric__alen2__risksafe,3.0,risk_mid,182,33,2,True,False,False,False,"'+,.:=@}",,,,,,,unknown,,0,unknown,,False,1,2,low,False,1.0,False,low,True,symbol_equation,symbol,numeric_2x2,symbol_numeric_operator_formula,10,True,False,True,answer_only_keep,5.0,,symbol_numeric_formula_low_shot,"{""candidate_prediction_count"": 1, ""example_count"": 3, ""format_name"": ""string_template"", ""formula_name"": ""abs_diff_2d"", ""low_shot"": true, ""query_operator"": ""+"", ""same_operator_example_count"": 1, ""subtype"": ""numeric_2x2""}",False,,,False,False,0,False,False,False,False,0,0,,False,,0,0,,,False,0,0,0,False,,0,,0,,+,1,abs_diff_2d,1,False,False
74b9b0ec,"In Alice's Wonderland, a secret set of transformation rules is applied to equations. Below are a few examples:
17$24 = 1724
64^02 = 029
26[97 = 71
Now, determine the result for: 22[38",16,symbol_equation,equation_transduction,numeric,True,0.94,3,22[38,atypenumeric__alen2__risksafe,1.0,risk_low,183,33,2,False,False,False,False,"$',.:=[^",,,,,,,unknown,,0,unknown,,False,1,2,low,False,1.0,False,low,True,symbol_equation,symbol,numeric_2x2,symbol_numeric_operator_formula,16,True,False,True,answer_only_keep,3.0,,symbol_numeric_formula_low_shot,"{""candidate_prediction_count"": 1, ""example_count"": 3, ""format_name"": ""string_template"", ""formula_name"": ""abs_diff_2d"", ""low_shot"": true, ""query_operator"": ""["", ""same_operator_example_count"": 1, ""subtype"": ""numeric_2x2""}",False,,,False,False,0,False,False,False,False,0,0,,False,,0,0,,,False,0,0,0,False,,0,,0,,[,1,abs_diff_2d,1,False,False
86cda2ec,"In Alice's Wonderland, a secret set of transformation rules is applied to equations. Below are a few examples:
12-75 = 63
73*21 = 444
88+31 = 201
Now, determine the result for: 26-39",13,symbol_equation,equation_transduction,numeric,True,0.94,3,26-39,atypenumeric__alen2__risksafe,1.0,risk_low,182,33,2,False,False,False,False,"'*+,-.:=",,,,,,,unknown,,0,unknown,,False,1,2,low,False,1.0,False,low,True,symbol_equation,symbol,numeric_2x2,symbol_numeric_operator_formula,13,True,False,True,answer_only_keep,3.0,,symbol_numeric_formula_low_shot,"{""candidate_prediction_count"": 1, ""example_count"": 3, ""format_name"": ""string_template"", ""formula_name"": ""abs_diff_2d"", ""low_shot"": true, ""query_operator"": ""-"", ""same_operator_example_count"": 1, ""subtype"": ""numeric_2x2""}",False,,,False,False,0,False,False,False,False,0,0,,False,,0,0,,,False,0,0,0,False,,0,,0,,-,1,abs_diff_2d,1,False,False
9cb03277,"In Alice's Wonderland, a secret set of transformation rules is applied to equations. Below are a few examples:
46*79 = 9026
74*92 = 4631
55`84 = 301
57!58 = 01
01*42 = 142
Now, determine the result for: 52!78",26,symbol_equation,equation_transduction,numeric,True,0.94,5,52!78,atypenumeric__alen2__risksafe,2.0,risk_mid,208,39,2,False,False,True,False,"!'*,.:=`",,,,,,,unknown,,0,unknown,,False,1,2,low,False,1.0,False,low,True,symbol_equation,symbol,numeric_2x2,symbol_numeric_operator_formula,26,True,False,True,answer_only_keep,4.0,,symbol_numeric_formula_low_shot,"{""candidate_prediction_count"": 1, ""example_count"": 5, ""format_name"": ""string_template"", ""formula_name"": ""abs_diff_2d"", ""low_shot"": true, ""query_operator"": ""!"", ""same_operator_example_count"": 1, ""subtype"": ""numeric_2x2""}",False,,,False,False,0,False,False,False,False,0,0,,False,,0,0,,,False,0,0,0,False,,0,,0,,!,1,abs_diff_2d,1,False,False
9d4ae6b8,"In Alice's Wonderland, a secret set of transformation rules is applied to equations. Below are a few examples:
18)69 = 1869
96|81 = 177
80-13 = 67
Now, determine the result for: 51-35",16,symbol_equation,equation_transduction,numeric,True,0.94,3,51-35,atypenumeric__alen2__risksafe,1.0,risk_low,183,33,2,False,False,False,False,"'),-.:=|",,,,,,,unknown,,0,unknown,,False,1,2,mid,False,1.0,False,low,True,symbol_equation,symbol,numeric_2x2,symbol_numeric_operator_formula,16,True,False,True,answer_only_keep,3.0,,symbol_numeric_formula_low_shot,"{""candidate_prediction_count"": 1, ""example_count"": 3, ""format_name"": ""string_template"", ""formula_name"": ""abs_diff_2d"", ""low_shot"": true, ""query_operator"": ""-"", ""same_operator_example_count"": 1, ""subtype"": ""numeric_2x2""}",False,,,False,False,0,False,False,False,False,0,0,,False,,0,0,,,False,0,0,0,False,,0,,0,,-,1,abs_diff_2d,1,False,False
bad6f95d,"In Alice's Wonderland, a secret set of transformation rules is applied to equations. Below are a few examples:
86+60 = 5160
42-69 = 27
26$56 = 83
77+35 = 2695
79+27 = 2133
Now, determine the result for: 54-95",41,symbol_equation,equation_transduction,numeric,True,0.94,5,54-95,atypenumeric__alen2__risksafe,2.0,risk_mid,208,39,2,False,False,False,False,"$'+,-.:=",,,,,,,unknown,,0,unknown,,False,1,2,mid,False,1.0,False,low,True,symbol_equation,symbol,numeric_2x2,symbol_numeric_operator_formula,41,True,False,True,answer_only_keep,4.0,,symbol_numeric_formula_low_shot,"{""candidate_prediction_count"": 1, ""example_count"": 5, ""format_name"": ""string_template"", ""formula_name"": ""abs_diff_2d"", ""low_shot"": true, ""query_operator"": ""-"", ""same_operator_example_count"": 1, ""subtype"": ""numeric_2x2""}",False,,,False,False,0,False,False,False,False,0,0,,False,,0,0,,,False,0,0,0,False,,0,,0,,-,1,abs_diff_2d,1,False,False
e518256e,"In Alice's Wonderland, a secret set of transformation rules is applied to equations. Below are a few examples:
60[58 = 3480
89""28 = 61
36%68 = 105
Now, determine the result for: 94""10",84,symbol_equation,equation_transduction,numeric,True,0.94,3,"94""10",atypenumeric__alen2__risksafe,1.0,risk_low,183,33,2,False,False,False,False,"""%',.:=[",,,,,,,unknown,,0,unknown,,False,1,2,low,False,1.0,False,low,True,symbol_equation,symbol,numeric_2x2,symbol_numeric_operator_formula,84,True,False,True,answer_only_keep,3.0,,symbol_numeric_formula_low_shot,"{""candidate_prediction_count"": 1, ""example_count"": 3, ""format_name"": ""string_template"", ""formula_name"": ""abs_diff_2d"", ""low_shot"": true, ""query_operator"": ""\"""", ""same_operator_example_count"": 1, ""subtype"": ""numeric_2x2""}",False,,,False,False,0,False,False,False,False,0,0,,False,,0,0,,,False,0,0,0,False,,0,,0,,"""",1,abs_diff_2d,1,False,False
e836fb20,"In Alice's Wonderland, a secret set of transformation rules is applied to equations. Below are a few examples:
73+73 = 47
65*51 = 148
97*61 = 5621
58-04 = 54
Now, determine the result for: 89-21",68,symbol_equation,equation_transduction,numeric,True,0.94,4,89-21,atypenumeric__alen2__risksafe,1.0,risk_low,194,36,2,False,False,False,False,"'*+,-.:=",,,,,,,unknown,,0,unknown,,False,1,2,low,False,1.0,False,low,True,symbol_equation,symbol,numeric_2x2,symbol_numeric_operator_formula,68,True,False,True,answer_only_keep,3.0,,symbol_numeric_formula_low_shot,"{""candidate_prediction_count"": 1, ""example_count"": 4, ""format_name"": ""string_template"", ""formula_name"": ""abs_diff_2d"", ""low_shot"": true, ""query_operator"": ""-"", ""same_operator_example_count"": 1, ""subtype"": ""numeric_2x2""}",False,,,False,False,0,False,False,False,False,0,0,,False,,0,0,,,False,0,0,0,False,,0,,0,,-,1,abs_diff_2d,1,False,False
13892a7c,"In Alice's Wonderland, a secret set of transformation rules is applied to equations. Below are a few examples:
21+39 = 3921
77+07 = 0777
36+29 = 2936
31*42 = 213
63-46 = -82
Now, determine the result for: 61-47",-85,symbol_equation,equation_transduction,numeric,True,0.94,5,61-47,atypenumeric__alen3__risksafe,2.0,risk_low,210,39,3,False,False,False,False,"'*+,-.:=",,,,,,,unknown,,0,unknown,,False,1,3,low,False,1.0,False,low,True,symbol_equation,symbol,numeric_2x2,symbol_numeric_operator_formula,-85,True,False,True,answer_only_keep,4.0,,symbol_numeric_formula_low_shot,"{""candidate_prediction_count"": 1, ""example_count"": 5, ""format_name"": ""prefix_abs_zpad2"", ""formula_name"": ""comp99_abs_diff_2d"", ""low_shot"": true, ""query_operator"": ""-"", ""same_operator_example_count"": 1, ""subtype"": ""numeric_2x2""}",False,,,False,False,0,False,False,False,False,0,0,,False,,0,0,,,False,0,0,0,False,,0,,0,,-,1,comp99_abs_diff_2d,1,False,False
1bc85bd9,"In Alice's Wonderland, a secret set of transformation rules is applied to equations. Below are a few examples:
58-85 = 72
88*95 = 9588
19*31 = 3119
Now, determine the result for: 16-22",93,symbol_equation,equation_transduction,numeric,True,0.94,3,16-22,atypenumeric__alen2__risksafe,1.0,risk_low,184,33,2,False,False,False,False,"'*,-.:=",,,,,,,unknown,,0,unknown,,False,1,2,low,False,1.0,False,low,True,symbol_equation,symbol,numeric_2x2,symbol_numeric_operator_formula,93,True,False,True,answer_only_keep,3.0,,symbol_numeric_formula_low_shot,"{""candidate_prediction_count"": 1, ""example_count"": 3, ""format_name"": ""zpad2"", ""formula_name"": ""comp99_abs_diff_2d"", ""low_shot"": true, ""query_operator"": ""-"", ""same_operator_example_count"": 1, ""subtype"": ""numeric_2x2""}",False,,,False,False,0,False,False,False,False,0,0,,False,,0,0,,,False,0,0,0,False,,0,,0,,-,1,comp99_abs_diff_2d,1,False,False
3a8a4ebc,"In Alice's Wonderland, a secret set of transformation rules is applied to equations. Below are a few examples:
26#12 = 2031
56'19 = '62
47#67 = 4265
Now, determine the result for: 74'29",'54,symbol_equation,equation_transduction,symbolic,True,0.94,3,74'29,atypesymbolic__alen3__risksafe,1.0,risk_low,185,33,3,False,False,False,False,"#',.:=",,,,,,,unknown,,0,unknown,,False,1,3,mid,False,1.0,False,low,True,symbol_equation,symbol,numeric_2x2,symbol_numeric_operator_formula,'54,True,False,True,answer_only_keep,3.0,,symbol_numeric_formula_low_shot,"{""candidate_prediction_count"": 1, ""example_count"": 3, ""format_name"": ""prefix_abs_zpad2"", ""formula_name"": ""comp99_abs_diff_2d"", ""low_shot"": true, ""query_operator"": ""'"", ""same_operator_example_count"": 1, ""subtype"": ""numeric_2x2""}",False,,,False,False,0,False,False,False,False,0,0,,False,,0,0,,,False,0,0,0,False,,0,,0,,',1,comp99_abs_diff_2d,1,False,False
5c008804,"In Alice's Wonderland, a secret set of transformation rules is applied to equations. Below are a few examples:
98'21 = 101
07)76 = 0964
91'15 = 07
19@84 = 34
Now, determine the result for: 83@36",52,symbol_equation,equation_transduction,numeric,True,0.94,4,83@36,atypenumeric__alen2__risksafe,1.0,risk_low,194,36,2,False,False,False,False,"'),.:=@",,,,,,,unknown,,0,unknown,,False,1,2,low,False,1.0,False,low,True,symbol_equation,symbol,numeric_2x2,symbol_numeric_operator_formula,52,True,False,True,answer_only_keep,3.0,,symbol_numeric_formula_low_shot,"{""candidate_prediction_count"": 1, ""example_count"": 4, ""format_name"": ""zpad2"", ""formula_name"": ""comp99_abs_diff_2d"", ""low_shot"": true, ""query_operator"": ""@"", ""same_operator_example_count"": 1, ""subtype"": ""numeric_2x2""}",False,,,False,False,0,False,False,False,False,0,0,,False,,0,0,,,False,0,0,0,False,,0,,0,,@,1,comp99_abs_diff_2d,1,False,False
6b769a9e,"In Alice's Wonderland, a secret set of transformation rules is applied to equations. Below are a few examples:
56-36 = 821
84{57 = 9953
51+19 = +67
Now, determine the result for: 24+17",+92,symbol_equation,equation_transduction,symbolic,True,0.94,3,24+17,atypesymbolic__alen3__risksafe,1.0,risk_low,184,33,3,False,False,False,False,"'+,-.:={",,,,,,,unknown,,0,unknown,,False,1,3,mid,False,1.0,False,low,True,symbol_equation,symbol,numeric_2x2,symbol_numeric_operator_formula,+92,True,False,True,answer_only_keep,3.0,,symbol_numeric_formula_low_shot,"{""candidate_prediction_count"": 1, ""example_count"": 3, ""format_name"": ""prefix_abs_zpad2"", ""formula_name"": ""comp99_abs_diff_2d"", ""low_shot"": true, ""query_operator"": ""+"", ""same_operator_example_count"": 1, ""subtype"": ""numeric_2x2""}",False,,,False,False,0,False,False,False,False,0,0,,False,,0,0,,,False,0,0,0,False,,0,,0,,+,1,comp99_abs_diff_2d,1,False,False
c7a7b13a,"In Alice's Wonderland, a secret set of transformation rules is applied to equations. Below are a few examples:
52+61 = 14
59-75 = 83
89+89 = 691
78*61 = 3931
75*28 = 5764
Now, determine the result for: 93-29",35,symbol_equation,equation_transduction,numeric,True,0.94,5,93-29,atypenumeric__alen2__risksafe,2.0,risk_mid,207,39,2,False,False,False,False,"'*+,-.:=",,,,,,,unknown,,0,unknown,,False,1,2,mid,False,1.0,False,low,True,symbol_equation,symbol,numeric_2x2,symbol_numeric_operator_formula,35,True,False,True,answer_only_keep,4.0,,symbol_numeric_formula_low_shot,"{""candidate_prediction_count"": 1, ""example_count"": 5, ""format_name"": ""zpad2"", ""formula_name"": ""comp99_abs_diff_2d"", ""low_shot"": true, ""query_operator"": ""-"", ""same_operator_example_count"": 1, ""subtype"": ""numeric_2x2""}",False,,,False,False,0,False,False,False,False,0,0,,False,,0,0,,,False,0,0,0,False,,0,,0,,-,1,comp99_abs_diff_2d,1,False,False
cde9f7ba,"In Alice's Wonderland, a secret set of transformation rules is applied to equations. Below are a few examples:
17:75 = 821
26?72 = 7226
04[71 = 32
Now, determine the result for: 15[33",81,symbol_equation,equation_transduction,numeric,True,0.94,3,15[33,atypenumeric__alen2__risksafe,1.0,risk_low,183,33,2,False,False,False,False,"',.:=?[",,,,,,,unknown,,0,unknown,,False,1,2,mid,False,1.0,False,low,True,symbol_equation,symbol,numeric_2x2,symbol_numeric_operator_formula,81,True,False,True,answer_only_keep,3.0,,symbol_numeric_formula_low_shot,"{""candidate_prediction_count"": 1, ""example_count"": 3, ""format_name"": ""zpad2"", ""formula_name"": ""comp99_abs_diff_2d"", ""low_shot"": true, ""query_operator"": ""["", ""same_operator_example_count"": 1, ""subtype"": ""numeric_2x2""}",False,,,False,False,0,False,False,False,False,0,0,,False,,0,0,,,False,0,0,0,False,,0,,0,,[,1,comp99_abs_diff_2d,1,False,False
debff779,"In Alice's Wonderland, a secret set of transformation rules is applied to equations. Below are a few examples:
55*31 = 617
05-42 = 62
31*27 = 739
45*89 = 3925
59*26 = 1985
Now, determine the result for: 36-41",94,symbol_equation,equation_transduction,numeric,True,0.94,5,36-41,atypenumeric__alen2__risksafe,2.0,risk_mid,208,39,2,False,False,False,False,"'*,-.:=",,,,,,,unknown,,0,unknown,,False,1,2,low,False,1.0,False,low,True,symbol_equation,symbol,numeric_2x2,symbol_numeric_operator_formula,94,True,False,True,answer_only_keep,4.0,,symbol_numeric_formula_low_shot,"{""candidate_prediction_count"": 1, ""example_count"": 5, ""format_name"": ""zpad2"", ""formula_name"": ""comp99_abs_diff_2d"", ""low_shot"": true, ""query_operator"": ""-"", ""same_operator_example_count"": 1, ""subtype"": ""numeric_2x2""}",False,,,False,False,0,False,False,False,False,0,0,,False,,0,0,,,False,0,0,0,False,,0,,0,,-,1,comp99_abs_diff_2d,1,False,False
ef6bc241,"In Alice's Wonderland, a secret set of transformation rules is applied to equations. Below are a few examples:
65[76 = 321
92$58 = $65
95[31 = 27
92'57 = 6712
Now, determine the result for: 73$29",$55,symbol_equation,equation_transduction,symbolic,True,0.94,4,73$29,atypesymbolic__alen3__risksafe,1.0,risk_low,195,36,3,False,False,False,False,"$',.:=[",,,,,,,unknown,,0,unknown,,False,1,3,low,False,0.6666666666666666,False,low,True,symbol_equation,symbol,numeric_2x2,symbol_numeric_operator_formula,$55,True,False,True,answer_only_keep,3.0,,symbol_numeric_formula_low_shot,"{""candidate_prediction_count"": 1, ""example_count"": 4, ""format_name"": ""prefix_abs_zpad2"", ""formula_name"": ""comp99_abs_diff_2d"", ""low_shot"": true, ""query_operator"": ""$"", ""same_operator_example_count"": 1, ""subtype"": ""numeric_2x2""}",False,,,False,False,0,False,False,False,False,0,0,,False,,0,0,,,False,0,0,0,False,,0,,0,,$,1,comp99_abs_diff_2d,1,False,False
047c4111,"In Alice's Wonderland, a secret set of transformation rules is applied to equations. Below are a few examples:
19)37 = 18
15$20 = 1520
30)14 = 16
Now, determine the result for: 25$96",2596,symbol_equation,equation_transduction,numeric,True,0.94,3,25$96,atypenumeric__alen4__risksafe,2.0,risk_low,182,33,4,False,False,False,False,"$'),.:=",,,,,,,unknown,,0,unknown,,False,1,4,high,False,1.0,False,low,True,symbol_equation,symbol,numeric_2x2,symbol_numeric_operator_formula,2596,True,False,True,answer_only_keep,4.0,,symbol_numeric_formula_low_shot,"{""candidate_prediction_count"": 1, ""example_count"": 3, ""format_name"": ""string_template"", ""formula_name"": ""concat_xy"", ""low_shot"": true, ""query_operator"": ""$"", ""same_operator_example_count"": 1, ""subtype"": ""numeric_2x2""}",False,,,False,False,0,False,False,False,False,0,0,,False,,0,0,,,False,0,0,0,False,,0,,0,,$,1,concat_xy,1,False,False
2a73a462,"In Alice's Wonderland, a secret set of transformation rules is applied to equations. Below are a few examples:
26+56 = +3
86+65 = 21
77+39 = +61
68:37 = 6837
56[59 = 5716
Now, determine the result for: 93:02",9302,symbol_equation,equation_transduction,numeric,True,0.94,5,93:02,atypenumeric__alen4__risksafe,3.0,risk_mid,207,39,4,False,False,False,False,"'+,.:=[",,,,,,,unknown,,0,unknown,,False,1,4,high,False,1.0,False,low,True,symbol_equation,symbol,numeric_2x2,symbol_numeric_operator_formula,9302,True,False,True,answer_only_keep,5.0,,symbol_numeric_formula_low_shot,"{""candidate_prediction_count"": 1, ""example_count"": 5, ""format_name"": ""string_template"", ""formula_name"": ""concat_xy"", ""low_shot"": true, ""query_operator"": "":"", ""same_operator_example_count"": 1, ""subtype"": ""numeric_2x2""}",False,,,False,False,0,False,False,False,False,0,0,,False,,0,0,,,False,0,0,0,False,,0,,0,,:,1,concat_xy,1,False,False
35a89469,"In Alice's Wonderland, a secret set of transformation rules is applied to equations. Below are a few examples:
53[40 = 5340
29<13 = 377
92<24 = 2208
75<18 = 1350
Now, determine the result for: 95[25",9525,symbol_equation,equation_transduction,numeric,True,0.94,4,95[25,atypenumeric__alen4__risksafe,2.0,risk_low,198,36,4,False,False,False,False,"',.:<=[",,,,,,,unknown,,0,unknown,,False,1,4,high,False,0.75,False,low,True,symbol_equation,symbol,numeric_2x2,symbol_numeric_operator_formula,9525,True,False,True,answer_only_keep,4.0,,symbol_numeric_formula_low_shot,"{""candidate_prediction_count"": 1, ""example_count"": 4, ""format_name"": ""string_template"", ""formula_name"": ""concat_xy"", ""low_shot"": true, ""query_operator"": ""["", ""same_operator_example_count"": 1, ""subtype"": ""numeric_2x2""}",False,,,False,False,0,False,False,False,False,0,0,,False,,0,0,,,False,0,0,0,False,,0,,0,,[,1,concat_xy,1,False,False
372bb422,"In Alice's Wonderland, a secret set of transformation rules is applied to equations. Below are a few examples:
74<46 = <28
43(81 = 4381
61<12 = <49
Now, determine the result for: 75(60",7560,symbol_equation,equation_transduction,numeric,True,0.94,3,75(60,atypenumeric__alen4__risksafe,2.0,risk_low,184,33,4,False,False,False,False,"'(,.:<=",,,,,,,unknown,,0,unknown,,False,1,4,high,False,1.0,False,low,True,symbol_equation,symbol,numeric_2x2,symbol_numeric_operator_formula,7560,True,False,True,answer_only_keep,4.0,,symbol_numeric_formula_low_shot,"{""candidate_prediction_count"": 1, ""example_count"": 3, ""format_name"": ""string_template"", ""formula_name"": ""concat_xy"", ""low_shot"": true, ""query_operator"": ""("", ""same_operator_example_count"": 1, ""subtype"": ""numeric_2x2""}",False,,,False,False,0,False,False,False,False,0,0,,False,,0,0,,,False,0,0,0,False,,0,,0,,(,1,concat_xy,1,False,False
37a2a7ff,"In Alice's Wonderland, a secret set of transformation rules is applied to equations. Below are a few examples:
46-53 = 2438
82#10 = 2
67#40 = 27
12/74 = 1274
Now, determine the result for: 84/83",8483,symbol_equation,equation_transduction,numeric,True,0.94,4,84/83,atypenumeric__alen4__risksafe,2.0,risk_low,194,36,4,False,False,False,False,"#',-./:=",,,,,,,unknown,,0,unknown,,False,1,4,high,False,0.75,False,low,True,symbol_equation,symbol,numeric_2x2,symbol_numeric_operator_formula,8483,True,False,True,answer_only_keep,4.0,,symbol_numeric_formula_low_shot,"{""candidate_prediction_count"": 1, ""example_count"": 4, ""format_name"": ""string_template"", ""formula_name"": ""concat_xy"", ""low_shot"": true, ""query_operator"": ""/"", ""same_operator_example_count"": 1, ""subtype"": ""numeric_2x2""}",False,,,False,False,0,False,False,False,False,0,0,,False,,0,0,,,False,0,0,0,False,,0,,0,,/,1,concat_xy,1,False,False
43837c5b,"In Alice's Wonderland, a secret set of transformation rules is applied to equations. Below are a few examples:
90^36 = 18
19*32 = 1932
15<45 = 675
54^25 = 4
Now, determine the result for: 45*72",4572,symbol_equation,equation_transduction,numeric,True,0.94,4,45*72,atypenumeric__alen4__risksafe,2.0,risk_low,193,36,4,False,False,False,False,"'*,.:<=^",,,,,,,unknown,,0,unknown,,False,1,4,high,False,1.0,False,low,True,symbol_equation,symbol,numeric_2x2,symbol_numeric_operator_formula,4572,True,False,True,answer_only_keep,4.0,,symbol_numeric_formula_low_shot,"{""candidate_prediction_count"": 1, ""example_count"": 4, ""format_name"": ""string_template"", ""formula_name"": ""concat_xy"", ""low_shot"": true, ""query_operator"": ""*"", ""same_operator_example_count"": 1, ""subtype"": ""numeric_2x2""}",False,,,False,False,0,False,False,False,False,0,0,,False,,0,0,,,False,0,0,0,False,,0,,0,,*,1,concat_xy,1,False,False
5a763686,"In Alice's Wonderland, a secret set of transformation rules is applied to equations. Below are a few examples:
67&82 = 6782
41)47 = 88
12>37 = 25
Now, determine the result for: 74&95",7495,symbol_equation,equation_transduction,numeric,True,0.94,3,74&95,atypenumeric__alen4__risksafe,2.0,risk_low,182,33,4,False,False,False,False,"&'),.:=>",,,,,,,unknown,,0,unknown,,False,1,4,high,False,1.0,False,low,True,symbol_equation,symbol,numeric_2x2,symbol_numeric_operator_formula,7495,True,False,True,answer_only_keep,4.0,,symbol_numeric_formula_low_shot,"{""candidate_prediction_count"": 1, ""example_count"": 3, ""format_name"": ""string_template"", ""formula_name"": ""concat_xy"", ""low_shot"": true, ""query_operator"": ""&"", ""same_operator_example_count"": 1, ""subtype"": ""numeric_2x2""}",False,,,False,False,0,False,False,False,False,0,0,,False,,0,0,,,False,0,0,0,False,,0,,0,,&,1,concat_xy,1,False,False
605e1c08,"In Alice's Wonderland, a secret set of transformation rules is applied to equations. Below are a few examples:
90""19 = 9019
38]92 = 3497
76+73 = 3
Now, determine the result for: 10""20",1020,symbol_equation,equation_transduction,numeric,True,0.94,3,"10""20",atypenumeric__alen4__risksafe,2.0,risk_low,183,33,4,False,False,False,False,"""'+,.:=]",,,,,,,unknown,,0,unknown,,False,1,4,high,False,0.75,False,low,True,symbol_equation,symbol,numeric_2x2,symbol_numeric_operator_formula,1020,True,False,True,answer_only_keep,4.0,,symbol_numeric_formula_low_shot,"{""candidate_prediction_count"": 1, ""example_count"": 3, ""format_name"": ""string_template"", ""formula_name"": ""concat_xy"", ""low_shot"": true, ""query_operator"": ""\"""", ""same_operator_example_count"": 1, ""subtype"": ""numeric_2x2""}",False,,,False,False,0,False,False,False,False,0,0,,False,,0,0,,,False,0,0,0,False,,0,,0,,"""",1,concat_xy,1,False,False
6dda26c0,"In Alice's Wonderland, a secret set of transformation rules is applied to equations. Below are a few examples:
47-51 = 2396
32[26 = 3226
50*72 = *22
Now, determine the result for: 46[43",4643,symbol_equation,equation_transduction,numeric,True,0.94,3,46[43,atypenumeric__alen4__risksafe,2.0,risk_low,185,33,4,False,False,False,False,"'*,-.:=[",,,,,,,unknown,,0,unknown,,False,1,4,high,False,0.75,False,low,True,symbol_equation,symbol,numeric_2x2,symbol_numeric_operator_formula,4643,True,False,True,answer_only_keep,4.0,,symbol_numeric_formula_low_shot,"{""candidate_prediction_count"": 1, ""example_count"": 3, ""format_name"": ""string_template"", ""formula_name"": ""concat_xy"", ""low_shot"": true, ""query_operator"": ""["", ""same_operator_example_count"": 1, ""subtype"": ""numeric_2x2""}",False,,,False,False,0,False,False,False,False,0,0,,False,,0,0,,,False,0,0,0,False,,0,,0,,[,1,concat_xy,1,False,False
6e60b0c5,"In Alice's Wonderland, a secret set of transformation rules is applied to equations. Below are a few examples:
70)60 = 7060
89/98 = 8722
91/90 = 8190
79/76 = 6004
Now, determine the result for: 95)55",9555,symbol_equation,equation_transduction,numeric,True,0.94,4,95)55,atypenumeric__alen4__risksafe,2.0,risk_low,199,36,4,False,False,False,False,"'),./:=",,,,,,,unknown,,0,unknown,,False,1,4,high,False,0.5,False,low,True,symbol_equation,symbol,numeric_2x2,symbol_numeric_operator_formula,9555,True,False,True,answer_only_keep,4.0,,symbol_numeric_formula_low_shot,"{""candidate_prediction_count"": 1, ""example_count"": 4, ""format_name"": ""string_template"", ""formula_name"": ""concat_xy"", ""low_shot"": true, ""query_operator"": "")"", ""same_operator_example_count"": 1, ""subtype"": ""numeric_2x2""}",False,,,False,False,0,False,False,False,False,0,0,,False,,0,0,,,False,0,0,0,False,,0,,0,,),1,concat_xy,1,False,False
71e02000,"In Alice's Wonderland, a secret set of transformation rules is applied to equations. Below are a few examples:
56-66 = -10
25$31 = 2531
47-19 = -28
Now, determine the result for: 37$67",3767,symbol_equation,equation_transduction,numeric,True,0.94,3,37$67,atypenumeric__alen4__risksafe,2.0,risk_low,184,33,4,False,False,False,False,"$',-.:=",,,,,,,unknown,,0,unknown,,False,1,4,high,False,0.75,False,low,True,symbol_equation,symbol,numeric_2x2,symbol_numeric_operator_formula,3767,True,False,True,answer_only_keep,4.0,,symbol_numeric_formula_low_shot,"{""candidate_prediction_count"": 1, ""example_count"": 3, ""format_name"": ""string_template"", ""formula_name"": ""concat_xy"", ""low_shot"": true, ""query_operator"": ""$"", ""same_operator_example_count"": 1, ""subtype"": ""numeric_2x2""}",False,,,False,False,0,False,False,False,False,0,0,,False,,0,0,,,False,0,0,0,False,,0,,0,,$,1,concat_xy,1,False,False
8d2546a5,"In Alice's Wonderland, a secret set of transformation rules is applied to equations. Below are a few examples:
33#75 = 9
31#27 = 4
22[73 = 95
25-79 = 2579
38[90 = 128
Now, determine the result for: 12-11",1211,symbol_equation,equation_transduction,numeric,True,0.94,5,12-11,atypenumeric__alen4__risksafe,2.0,risk_mid,203,39,4,False,False,False,False,"#',-.:=[",,,,,,,unknown,,0,unknown,,False,1,4,high,False,0.5,False,low,True,symbol_equation,symbol,numeric_2x2,symbol_numeric_operator_formula,1211,True,False,True,answer_only_keep,4.0,,symbol_numeric_formula_low_shot,"{""candidate_prediction_count"": 1, ""example_count"": 5, ""format_name"": ""string_template"", ""formula_name"": ""concat_xy"", ""low_shot"": true, ""query_operator"": ""-"", ""same_operator_example_count"": 1, ""subtype"": ""numeric_2x2""}",False,,,False,False,0,False,False,False,False,0,0,,False,,0,0,,,False,0,0,0,False,,0,,0,,-,1,concat_xy,1,False,False
963bdc67,"In Alice's Wonderland, a secret set of transformation rules is applied to equations. Below are a few examples:
52*81 = 7
49-83 = 2753
96\83 = 9683
Now, determine the result for: 99\73",9973,symbol_equation,equation_transduction,numeric,True,0.94,3,99\73,atypenumeric__alen4__risksafe,4.0,risk_high,183,33,4,False,True,False,False,"'*,-.:=\",,,,,,,unknown,,0,unknown,,False,1,4,high,False,0.75,False,high,True,symbol_equation,symbol,numeric_2x2,symbol_numeric_operator_formula,9973,True,False,True,answer_only_keep,6.0,,symbol_numeric_formula_low_shot,"{""candidate_prediction_count"": 1, ""example_count"": 3, ""format_name"": ""string_template"", ""formula_name"": ""concat_xy"", ""low_shot"": true, ""query_operator"": ""\\"", ""same_operator_example_count"": 1, ""subtype"": ""numeric_2x2""}",False,,,False,False,0,False,False,False,False,0,0,,False,,0,0,,,False,0,0,0,False,,0,,0,,\,1,concat_xy,1,False,False
a19a75ba,"In Alice's Wonderland, a secret set of transformation rules is applied to equations. Below are a few examples:
55+66 = +11
76+59 = +82
53#08 = 5308
19!91 = 9271
Now, determine the result for: 26#55",2655,symbol_equation,equation_transduction,numeric,True,0.94,4,26#55,atypenumeric__alen4__risksafe,2.0,risk_mid,197,36,4,False,False,False,False,"!#'+,.:=",,,,,,,unknown,,0,unknown,,False,1,4,high,False,0.75,False,low,True,symbol_equation,symbol,numeric_2x2,symbol_numeric_operator_formula,2655,True,False,True,answer_only_keep,4.0,,symbol_numeric_formula_low_shot,"{""candidate_prediction_count"": 1, ""example_count"": 4, ""format_name"": ""string_template"", ""formula_name"": ""concat_xy"", ""low_shot"": true, ""query_operator"": ""#"", ""same_operator_example_count"": 1, ""subtype"": ""numeric_2x2""}",False,,,False,False,0,False,False,False,False,0,0,,False,,0,0,,,False,0,0,0,False,,0,,0,,#,1,concat_xy,1,False,False
b193f06a,"In Alice's Wonderland, a secret set of transformation rules is applied to equations. Below are a few examples:
49?74 = 74?
41!17 = 58
76!87 = 541
97}56 = 9756
Now, determine the result for: 31}82",3182,symbol_equation,equation_transduction,numeric,True,0.94,4,31}82,atypenumeric__alen4__risksafe,5.0,risk_high,195,36,4,True,False,False,False,"!',.:=?}",,,,,,,unknown,,0,unknown,,False,1,4,high,False,1.0,False,high,True,symbol_equation,symbol,numeric_2x2,symbol_numeric_operator_formula,3182,True,False,True,answer_only_keep,7.0,,symbol_numeric_formula_low_shot,"{""candidate_prediction_count"": 1, ""example_count"": 4, ""format_name"": ""string_template"", ""formula_name"": ""concat_xy"", ""low_shot"": true, ""query_operator"": ""}"", ""same_operator_example_count"": 1, ""subtype"": ""numeric_2x2""}",False,,,False,False,0,False,False,False,False,0,0,,False,,0,0,,,False,0,0,0,False,,0,,0,,},1,concat_xy,1,False,False
c7bcab48,"In Alice's Wonderland, a secret set of transformation rules is applied to equations. Below are a few examples:
95+77 = 18
19#54 = 1954
31+13 = 18
49`31 = 4931
Now, determine the result for: 58#99",5899,symbol_equation,equation_transduction,numeric,True,0.94,4,58#99,atypenumeric__alen4__risksafe,2.0,risk_mid,195,36,4,False,False,True,False,"#'+,.:=`",,,,,,,unknown,,0,unknown,,False,1,4,high,False,0.75,False,low,True,symbol_equation,symbol,numeric_2x2,symbol_numeric_operator_formula,5899,True,False,True,answer_only_keep,4.0,,symbol_numeric_formula_low_shot,"{""candidate_prediction_count"": 1, ""example_count"": 4, ""format_name"": ""string_template"", ""formula_name"": ""concat_xy"", ""low_shot"": true, ""query_operator"": ""#"", ""same_operator_example_count"": 1, ""subtype"": ""numeric_2x2""}",False,,,False,False,0,False,False,False,False,0,0,,False,,0,0,,,False,0,0,0,False,,0,,0,,#,1,concat_xy,1,False,False
dc7a5e7b,"In Alice's Wonderland, a secret set of transformation rules is applied to equations. Below are a few examples:
97?96 = 01?
36!09 = 351
73@82 = 7382
Now, determine the result for: 44@45",4445,symbol_equation,equation_transduction,numeric,True,0.94,3,44@45,atypenumeric__alen4__risksafe,2.0,risk_mid,184,33,4,False,False,False,False,"!',.:=?@",,,,,,,unknown,,0,unknown,,False,1,4,high,False,0.5,False,low,True,symbol_equation,symbol,numeric_2x2,symbol_numeric_operator_formula,4445,True,False,True,answer_only_keep,4.0,,symbol_numeric_formula_low_shot,"{""candidate_prediction_count"": 1, ""example_count"": 3, ""format_name"": ""string_template"", ""formula_name"": ""concat_xy"", ""low_shot"": true, ""query_operator"": ""@"", ""same_operator_example_count"": 1, ""subtype"": ""numeric_2x2""}",False,,,False,False,0,False,False,False,False,0,0,,False,,0,0,,,False,0,0,0,False,,0,,0,,@,1,concat_xy,1,False,False
e7cf0394,"In Alice's Wonderland, a secret set of transformation rules is applied to equations. Below are a few examples:
88\87 = 7656
30]47 = 3047
52*15 = *37
Now, determine the result for: 97]83",9783,symbol_equation,equation_transduction,numeric,True,0.94,3,97]83,atypenumeric__alen4__risksafe,3.0,risk_mid,185,33,4,False,True,False,False,"'*,.:=\]",,,,,,,unknown,,0,unknown,,False,1,4,high,False,1.0,False,low,True,symbol_equation,symbol,numeric_2x2,symbol_numeric_operator_formula,9783,True,False,True,answer_only_keep,5.0,,symbol_numeric_formula_low_shot,"{""candidate_prediction_count"": 1, ""example_count"": 3, ""format_name"": ""string_template"", ""formula_name"": ""concat_xy"", ""low_shot"": true, ""query_operator"": ""]"", ""same_operator_example_count"": 1, ""subtype"": ""numeric_2x2""}",False,,,False,False,0,False,False,False,False,0,0,,False,,0,0,,,False,0,0,0,False,,0,,0,,],1,concat_xy,1,False,False
ee9239e9,"In Alice's Wonderland, a secret set of transformation rules is applied to equations. Below are a few examples:
91-73 = 18
91@61 = 151
93*58 = 9358
Now, determine the result for: 26*29",2629,symbol_equation,equation_transduction,numeric,True,0.94,3,26*29,atypenumeric__alen4__risksafe,2.0,risk_mid,183,33,4,False,False,False,False,"'*,-.:=@",,,,,,,unknown,,0,unknown,,False,1,4,high,False,0.75,False,low,True,symbol_equation,symbol,numeric_2x2,symbol_numeric_operator_formula,2629,True,False,True,answer_only_keep,4.0,,symbol_numeric_formula_low_shot,"{""candidate_prediction_count"": 1, ""example_count"": 3, ""format_name"": ""string_template"", ""formula_name"": ""concat_xy"", ""low_shot"": true, ""query_operator"": ""*"", ""same_operator_example_count"": 1, ""subtype"": ""numeric_2x2""}",False,,,False,False,0,False,False,False,False,0,0,,False,,0,0,,,False,0,0,0,False,,0,,0,,*,1,concat_xy,1,False,False
2cc274cb,"In Alice's Wonderland, a secret set of transformation rules is applied to equations. Below are a few examples:
13-48 = -35
63-75 = -12
99+93 = 9399
25-47 = -22
08-67 = 4
Now, determine the result for: 21+68",6821,symbol_equation,equation_transduction,numeric,True,0.94,5,21+68,atypenumeric__alen4__risksafe,3.0,risk_mid,206,39,4,False,False,False,False,"'+,-.:=",,,,,,,unknown,,0,unknown,,False,1,4,high,False,1.0,False,low,True,symbol_equation,symbol,numeric_2x2,symbol_numeric_operator_formula,6821,True,False,True,answer_only_keep,5.0,,symbol_numeric_formula_low_shot,"{""candidate_prediction_count"": 1, ""example_count"": 5, ""format_name"": ""string_template"", ""formula_name"": ""concat_yx"", ""low_shot"": true, ""query_operator"": ""+"", ""same_operator_example_count"": 1, ""subtype"": ""numeric_2x2""}",False,,,False,False,0,False,False,False,False,0,0,,False,,0,0,,,False,0,0,0,False,,0,,0,,+,1,concat_yx,1,False,False
3831c67a,"In Alice's Wonderland, a secret set of transformation rules is applied to equations. Below are a few examples:
32+26 = 58
83-49 = -65
11*27 = 2711
Now, determine the result for: 46*51",5146,symbol_equation,equation_transduction,numeric,True,0.94,3,46*51,atypenumeric__alen4__risksafe,2.0,risk_low,183,33,4,False,False,False,False,"'*+,-.:=",,,,,,,unknown,,0,unknown,,False,1,4,high,False,1.0,False,low,True,symbol_equation,symbol,numeric_2x2,symbol_numeric_operator_formula,5146,True,False,True,answer_only_keep,4.0,,symbol_numeric_formula_low_shot,"{""candidate_prediction_count"": 1, ""example_count"": 3, ""format_name"": ""string_template"", ""formula_name"": ""concat_yx"", ""low_shot"": true, ""query_operator"": ""*"", ""same_operator_example_count"": 1, ""subtype"": ""numeric_2x2""}",False,,,False,False,0,False,False,False,False,0,0,,False,,0,0,,,False,0,0,0,False,,0,,0,,*,1,concat_yx,1,False,False
4aeed935,"In Alice's Wonderland, a secret set of transformation rules is applied to equations. Below are a few examples:
24*74 = 7424
75+78 = 7875
31+96 = 9631
07-19 = -12
Now, determine the result for: 55*14",1455,symbol_equation,equation_transduction,numeric,True,0.94,4,55*14,atypenumeric__alen4__risksafe,2.0,risk_low,198,36,4,False,False,False,False,"'*+,-.:=",,,,,,,unknown,,0,unknown,,False,1,4,high,False,0.75,False,low,True,symbol_equation,symbol,numeric_2x2,symbol_numeric_operator_formula,1455,True,False,True,answer_only_keep,4.0,,symbol_numeric_formula_low_shot,"{""candidate_prediction_count"": 1, ""example_count"": 4, ""format_name"": ""string_template"", ""formula_name"": ""concat_yx"", ""low_shot"": true, ""query_operator"": ""*"", ""same_operator_example_count"": 1, ""subtype"": ""numeric_2x2""}",False,,,False,False,0,False,False,False,False,0,0,,False,,0,0,,,False,0,0,0,False,,0,,0,,*,1,concat_yx,1,False,False
4df01584,"In Alice's Wonderland, a secret set of transformation rules is applied to equations. Below are a few examples:
07+04 = 0407
62-71 = 9
44-43 = 01
Now, determine the result for: 35+19",1935,symbol_equation,equation_transduction,numeric,True,0.94,3,35+19,atypenumeric__alen4__risksafe,2.0,risk_low,181,33,4,False,False,False,False,"'+,-.:=",,,,,,,unknown,,0,unknown,,False,1,4,high,False,1.0,False,low,True,symbol_equation,symbol,numeric_2x2,symbol_numeric_operator_formula,1935,True,False,True,answer_only_keep,4.0,,symbol_numeric_formula_low_shot,"{""candidate_prediction_count"": 1, ""example_count"": 3, ""format_name"": ""string_template"", ""formula_name"": ""concat_yx"", ""low_shot"": true, ""query_operator"": ""+"", ""same_operator_example_count"": 1, ""subtype"": ""numeric_2x2""}",False,,,False,False,0,False,False,False,False,0,0,,False,,0,0,,,False,0,0,0,False,,0,,0,,+,1,concat_yx,1,False,False
69aa57b3,"In Alice's Wonderland, a secret set of transformation rules is applied to equations. Below are a few examples:
65+83 = 8365
62-23 = -6
69*72 = 2952
Now, determine the result for: 72+44",4472,symbol_equation,equation_transduction,numeric,True,0.94,3,72+44,atypenumeric__alen4__risksafe,2.0,risk_low,184,33,4,False,False,False,False,"'*+,-.:=",,,,,,,unknown,,0,unknown,,False,1,4,high,False,0.75,False,low,True,symbol_equation,symbol,numeric_2x2,symbol_numeric_operator_formula,4472,True,False,True,answer_only_keep,4.0,,symbol_numeric_formula_low_shot,"{""candidate_prediction_count"": 1, ""example_count"": 3, ""format_name"": ""string_template"", ""formula_name"": ""concat_yx"", ""low_shot"": true, ""query_operator"": ""+"", ""same_operator_example_count"": 1, ""subtype"": ""numeric_2x2""}",False,,,False,False,0,False,False,False,False,0,0,,False,,0,0,,,False,0,0,0,False,,0,,0,,+,1,concat_yx,1,False,False
6f1211e2,"In Alice's Wonderland, a secret set of transformation rules is applied to equations. Below are a few examples:
71*91 = 9171
24-75 = 51
73-16 = 42
44+75 = 101
Now, determine the result for: 45*67",6745,symbol_equation,equation_transduction,numeric,True,0.94,4,45*67,atypenumeric__alen4__risksafe,2.0,risk_low,194,36,4,False,False,False,False,"'*+,-.:=",,,,,,,unknown,,0,unknown,,False,1,4,high,False,1.0,False,low,True,symbol_equation,symbol,numeric_2x2,symbol_numeric_operator_formula,6745,True,False,True,answer_only_keep,4.0,,symbol_numeric_formula_low_shot,"{""candidate_prediction_count"": 1, ""example_count"": 4, ""format_name"": ""string_template"", ""formula_name"": ""concat_yx"", ""low_shot"": true, ""query_operator"": ""*"", ""same_operator_example_count"": 1, ""subtype"": ""numeric_2x2""}",False,,,False,False,0,False,False,False,False,0,0,,False,,0,0,,,False,0,0,0,False,,0,,0,,*,1,concat_yx,1,False,False
743a293d,"In Alice's Wonderland, a secret set of transformation rules is applied to equations. Below are a few examples:
31*58 = 5011
81*72 = 684
25+11 = 1125
96-25 = 71
25-71 = 53
Now, determine the result for: 32+24",2432,symbol_equation,equation_transduction,numeric,True,0.94,5,32+24,atypenumeric__alen4__risksafe,3.0,risk_mid,207,39,4,False,False,False,False,"'*+,-.:=",,,,,,,unknown,,0,unknown,,False,1,4,high,False,0.75,False,low,True,symbol_equation,symbol,numeric_2x2,symbol_numeric_operator_formula,2432,True,False,True,answer_only_keep,5.0,,symbol_numeric_formula_low_shot,"{""candidate_prediction_count"": 1, ""example_count"": 5, ""format_name"": ""string_template"", ""formula_name"": ""concat_yx"", ""low_shot"": true, ""query_operator"": ""+"", ""same_operator_example_count"": 1, ""subtype"": ""numeric_2x2""}",False,,,False,False,0,False,False,False,False,0,0,,False,,0,0,,,False,0,0,0,False,,0,,0,,+,1,concat_yx,1,False,False
76d2ee64,"In Alice's Wonderland, a secret set of transformation rules is applied to equations. Below are a few examples:
82-66 = -83
97-87 = -1
04*03 = 0021
61*04 = 046
06+39 = 3906
Now, determine the result for: 02+94",9402,symbol_equation,equation_transduction,numeric,True,0.94,5,02+94,atypenumeric__alen4__risksafe,3.0,risk_mid,208,39,4,False,False,False,False,"'*+,-.:=",,,,,,,unknown,,0,unknown,,False,1,4,high,False,1.0,False,low,True,symbol_equation,symbol,numeric_2x2,symbol_numeric_operator_formula,9402,True,False,True,answer_only_keep,5.0,,symbol_numeric_formula_low_shot,"{""candidate_prediction_count"": 1, ""example_count"": 5, ""format_name"": ""string_template"", ""formula_name"": ""concat_yx"", ""low_shot"": true, ""query_operator"": ""+"", ""same_operator_example_count"": 1, ""subtype"": ""numeric_2x2""}",False,,,False,False,0,False,False,False,False,0,0,,False,,0,0,,,False,0,0,0,False,,0,,0,,+,1,concat_yx,1,False,False
8021718e,"In Alice's Wonderland, a secret set of transformation rules is applied to equations. Below are a few examples:
92-71 = 21
18-52 = 6
26-63 = 62
86*33 = 3386
76-15 = 61
Now, determine the result for: 79*64",6479,symbol_equation,equation_transduction,numeric,True,0.94,5,79*64,atypenumeric__alen4__risksafe,2.0,risk_mid,203,39,4,False,False,False,False,"'*,-.:=",,,,,,,unknown,,0,unknown,,False,1,4,high,False,1.0,False,low,True,symbol_equation,symbol,numeric_2x2,symbol_numeric_operator_formula,6479,True,False,True,answer_only_keep,4.0,,symbol_numeric_formula_low_shot,"{""candidate_prediction_count"": 1, ""example_count"": 5, ""format_name"": ""string_template"", ""formula_name"": ""concat_yx"", ""low_shot"": true, ""query_operator"": ""*"", ""same_operator_example_count"": 1, ""subtype"": ""numeric_2x2""}",False,,,False,False,0,False,False,False,False,0,0,,False,,0,0,,,False,0,0,0,False,,0,,0,,*,1,concat_yx,1,False,False
84af5d7e,"In Alice's Wonderland, a secret set of transformation rules is applied to equations. Below are a few examples:
61-23 = -61
62-64 = -02
47+74 = 7447
48*52 = 9902
57*37 = 4745
Now, determine the result for: 55+61",6155,symbol_equation,equation_transduction,numeric,True,0.94,5,55+61,atypenumeric__alen4__risksafe,3.0,risk_mid,210,39,4,False,False,False,False,"'*+,-.:=",,,,,,,unknown,,0,unknown,,False,1,4,high,False,0.75,False,low,True,symbol_equation,symbol,numeric_2x2,symbol_numeric_operator_formula,6155,True,False,True,answer_only_keep,5.0,,symbol_numeric_formula_low_shot,"{""candidate_prediction_count"": 1, ""example_count"": 5, ""format_name"": ""string_template"", ""formula_name"": ""concat_yx"", ""low_shot"": true, ""query_operator"": ""+"", ""same_operator_example_count"": 1, ""subtype"": ""numeric_2x2""}",False,,,False,False,0,False,False,False,False,0,0,,False,,0,0,,,False,0,0,0,False,,0,,0,,+,1,concat_yx,1,False,False
88b43464,"In Alice's Wonderland, a secret set of transformation rules is applied to equations. Below are a few examples:
34*04 = 0271
85*32 = 4331
15-15 = 0
97*77 = 3806
76+05 = 0576
Now, determine the result for: 11+53",5311,symbol_equation,equation_transduction,numeric,True,0.94,5,11+53,atypenumeric__alen4__risksafe,3.0,risk_mid,209,39,4,False,False,False,False,"'*+,-.:=",,,,,,,unknown,,0,unknown,,False,1,4,high,False,0.75,False,low,True,symbol_equation,symbol,numeric_2x2,symbol_numeric_operator_formula,5311,True,False,True,answer_only_keep,5.0,,symbol_numeric_formula_low_shot,"{""candidate_prediction_count"": 1, ""example_count"": 5, ""format_name"": ""string_template"", ""formula_name"": ""concat_yx"", ""low_shot"": true, ""query_operator"": ""+"", ""same_operator_example_count"": 1, ""subtype"": ""numeric_2x2""}",False,,,False,False,0,False,False,False,False,0,0,,False,,0,0,,,False,0,0,0,False,,0,,0,,+,1,concat_yx,1,False,False
90d57388,"In Alice's Wonderland, a secret set of transformation rules is applied to equations. Below are a few examples:
26-88 = 62
15*16 = 1113
09-54 = 0
61+78 = 7861
02-98 = 9
Now, determine the result for: 15+26",2615,symbol_equation,equation_transduction,numeric,True,0.94,5,15+26,atypenumeric__alen4__risksafe,2.0,risk_mid,204,39,4,False,False,False,False,"'*+,-.:=",,,,,,,unknown,,0,unknown,,False,1,4,high,False,1.0,False,low,True,symbol_equation,symbol,numeric_2x2,symbol_numeric_operator_formula,2615,True,False,True,answer_only_keep,4.0,,symbol_numeric_formula_low_shot,"{""candidate_prediction_count"": 1, ""example_count"": 5, ""format_name"": ""string_template"", ""formula_name"": ""concat_yx"", ""low_shot"": true, ""query_operator"": ""+"", ""same_operator_example_count"": 1, ""subtype"": ""numeric_2x2""}",False,,,False,False,0,False,False,False,False,0,0,,False,,0,0,,,False,0,0,0,False,,0,,0,,+,1,concat_yx,1,False,False
a8e5eca1,"In Alice's Wonderland, a secret set of transformation rules is applied to equations. Below are a few examples:
44+54 = 98
75-06 = -3
93*77 = 7793
Now, determine the result for: 74*42",4274,symbol_equation,equation_transduction,numeric,True,0.94,3,74*42,atypenumeric__alen4__risksafe,2.0,risk_mid,182,33,4,False,False,False,False,"'*+,-.:=",,,,,,,unknown,,0,unknown,,False,1,4,high,False,0.75,False,low,True,symbol_equation,symbol,numeric_2x2,symbol_numeric_operator_formula,4274,True,False,True,answer_only_keep,4.0,,symbol_numeric_formula_low_shot,"{""candidate_prediction_count"": 1, ""example_count"": 3, ""format_name"": ""string_template"", ""formula_name"": ""concat_yx"", ""low_shot"": true, ""query_operator"": ""*"", ""same_operator_example_count"": 1, ""subtype"": ""numeric_2x2""}",False,,,False,False,0,False,False,False,False,0,0,,False,,0,0,,,False,0,0,0,False,,0,,0,,*,1,concat_yx,1,False,False
aa7f06f4,"In Alice's Wonderland, a secret set of transformation rules is applied to equations. Below are a few examples:
78?62 = 6278
28&23 = 05
38&49 = &11
Now, determine the result for: 12?32",3212,symbol_equation,equation_transduction,numeric,True,0.94,3,12?32,atypenumeric__alen4__risksafe,2.0,risk_mid,183,33,4,False,False,False,False,"&',.:=?",,,,,,,unknown,,0,unknown,,False,1,4,high,False,0.75,False,low,True,symbol_equation,symbol,numeric_2x2,symbol_numeric_operator_formula,3212,True,False,True,answer_only_keep,4.0,,symbol_numeric_formula_low_shot,"{""candidate_prediction_count"": 1, ""example_count"": 3, ""format_name"": ""string_template"", ""formula_name"": ""concat_yx"", ""low_shot"": true, ""query_operator"": ""?"", ""same_operator_example_count"": 1, ""subtype"": ""numeric_2x2""}",False,,,False,False,0,False,False,False,False,0,0,,False,,0,0,,,False,0,0,0,False,,0,,0,,?,1,concat_yx,1,False,False
aa8c76a1,"In Alice's Wonderland, a secret set of transformation rules is applied to equations. Below are a few examples:
23*34 = 3423
85+56 = 421
53-45 = -91
Now, determine the result for: 61*08",0861,symbol_equation,equation_transduction,numeric,True,0.94,3,61*08,atypenumeric__alen4__risksafe,2.0,risk_mid,184,33,4,False,False,False,False,"'*+,-.:=",,,,,,,unknown,,0,unknown,,False,1,4,high,False,1.0,False,low,True,symbol_equation,symbol,numeric_2x2,symbol_numeric_operator_formula,0861,True,False,True,answer_only_keep,4.0,,symbol_numeric_formula_low_shot,"{""candidate_prediction_count"": 1, ""example_count"": 3, ""format_name"": ""string_template"", ""formula_name"": ""concat_yx"", ""low_shot"": true, ""query_operator"": ""*"", ""same_operator_example_count"": 1, ""subtype"": ""numeric_2x2""}",False,,,False,False,0,False,False,False,False,0,0,,False,,0,0,,,False,0,0,0,False,,0,,0,,*,1,concat_yx,1,False,False
ab7809d1,"In Alice's Wonderland, a secret set of transformation rules is applied to equations. Below are a few examples:
37+03 = 0337
11-01 = -1
76-56 = -2
79*02 = 0491
Now, determine the result for: 72+25",2572,symbol_equation,equation_transduction,numeric,True,0.94,4,72+25,atypenumeric__alen4__risksafe,2.0,risk_mid,195,36,4,False,False,False,False,"'*+,-.:=",,,,,,,unknown,,0,unknown,,False,1,4,high,False,0.75,False,low,True,symbol_equation,symbol,numeric_2x2,symbol_numeric_operator_formula,2572,True,False,True,answer_only_keep,4.0,,symbol_numeric_formula_low_shot,"{""candidate_prediction_count"": 1, ""example_count"": 4, ""format_name"": ""string_template"", ""formula_name"": ""concat_yx"", ""low_shot"": true, ""query_operator"": ""+"", ""same_operator_example_count"": 1, ""subtype"": ""numeric_2x2""}",False,,,False,False,0,False,False,False,False,0,0,,False,,0,0,,,False,0,0,0,False,,0,,0,,+,1,concat_yx,1,False,False
cd9d50e2,"In Alice's Wonderland, a secret set of transformation rules is applied to equations. Below are a few examples:
61-79 = -18
92+76 = 7692
53-24 = -7
Now, determine the result for: 93+52",5293,symbol_equation,equation_transduction,numeric,True,0.94,3,93+52,atypenumeric__alen4__risksafe,2.0,risk_mid,183,33,4,False,False,False,False,"'+,-.:=",,,,,,,unknown,,0,unknown,,False,1,4,high,False,1.0,False,low,True,symbol_equation,symbol,numeric_2x2,symbol_numeric_operator_formula,5293,True,False,True,answer_only_keep,4.0,,symbol_numeric_formula_low_shot,"{""candidate_prediction_count"": 1, ""example_count"": 3, ""format_name"": ""string_template"", ""formula_name"": ""concat_yx"", ""low_shot"": true, ""query_operator"": ""+"", ""same_operator_example_count"": 1, ""subtype"": ""numeric_2x2""}",False,,,False,False,0,False,False,False,False,0,0,,False,,0,0,,,False,0,0,0,False,,0,,0,,+,1,concat_yx,1,False,False
e70d5739,"In Alice's Wonderland, a secret set of transformation rules is applied to equations. Below are a few examples:
95*89 = 3875
99-81 = 18
32+87 = 8732
Now, determine the result for: 57+62",6257,symbol_equation,equation_transduction,numeric,True,0.94,3,57+62,atypenumeric__alen4__risksafe,2.0,risk_mid,184,33,4,False,False,False,False,"'*+,-.:=",,,,,,,unknown,,0,unknown,,False,1,4,high,False,1.0,False,low,True,symbol_equation,symbol,numeric_2x2,symbol_numeric_operator_formula,6257,True,False,True,answer_only_keep,4.0,,symbol_numeric_formula_low_shot,"{""candidate_prediction_count"": 1, ""example_count"": 3, ""format_name"": ""string_template"", ""formula_name"": ""concat_yx"", ""low_shot"": true, ""query_operator"": ""+"", ""same_operator_example_count"": 1, ""subtype"": ""numeric_2x2""}",False,,,False,False,0,False,False,False,False,0,0,,False,,0,0,,,False,0,0,0,False,,0,,0,,+,1,concat_yx,1,False,False
f28681ad,"In Alice's Wonderland, a secret set of transformation rules is applied to equations. Below are a few examples:
85+03 = 88
26*56 = 5626
76+36 = 031
66+56 = 131
43-13 = 3
Now, determine the result for: 14*43",4314,symbol_equation,equation_transduction,numeric,True,0.94,5,14*43,atypenumeric__alen4__risksafe,3.0,risk_mid,205,39,4,False,False,False,False,"'*+,-.:=",,,,,,,unknown,,0,unknown,,False,1,4,high,False,0.75,False,low,True,symbol_equation,symbol,numeric_2x2,symbol_numeric_operator_formula,4314,True,False,True,answer_only_keep,5.0,,symbol_numeric_formula_low_shot,"{""candidate_prediction_count"": 1, ""example_count"": 5, ""format_name"": ""string_template"", ""formula_name"": ""concat_yx"", ""low_shot"": true, ""query_operator"": ""*"", ""same_operator_example_count"": 1, ""subtype"": ""numeric_2x2""}",False,,,False,False,0,False,False,False,False,0,0,,False,,0,0,,,False,0,0,0,False,,0,,0,,*,1,concat_yx,1,False,False
0a15c5c7,"In Alice's Wonderland, a secret set of transformation rules is applied to equations. Below are a few examples:
46-02 = 44
84-62 = 22
01(33 = 133
46%92 = 39
Now, determine the result for: 79-36",43,symbol_equation,equation_transduction,numeric,True,0.94,4,79-36,atypenumeric__alen2__risksafe,1.0,risk_low,192,36,2,False,False,False,False,"%'(,-.:=",,,,,,,unknown,,0,unknown,,False,1,2,low,False,1.0,False,low,True,symbol_equation,symbol,numeric_2x2,symbol_numeric_operator_formula,43,True,True,True,verified_trace_ready,1.0,,symbol_numeric_formula_exact,"{""candidate_prediction_count"": 1, ""example_count"": 4, ""format_name"": ""string_template"", ""formula_name"": ""abs_diff_2d"", ""low_shot"": false, ""query_operator"": ""-"", ""same_operator_example_count"": 2, ""subtype"": ""numeric_2x2""}",False,,,False,False,0,False,False,False,False,0,0,,False,,0,0,,,False,0,0,0,False,,0,,0,,-,2,abs_diff_2d,1,False,False
75032b65,"In Alice's Wonderland, a secret set of transformation rules is applied to equations. Below are a few examples:
64&31 = 33
28'15 = 419
40'85 = 3399
54&29 = 25
Now, determine the result for: 52&25",27,symbol_equation,equation_transduction,numeric,True,0.94,4,52&25,atypenumeric__alen2__risksafe,1.0,risk_low,194,36,2,False,False,False,False,"&',.:=",,,,,,,unknown,,0,unknown,,False,1,2,mid,False,1.0,False,low,True,symbol_equation,symbol,numeric_2x2,symbol_numeric_operator_formula,27,True,True,True,verified_trace_ready,1.0,,symbol_numeric_formula_exact,"{""candidate_prediction_count"": 1, ""example_count"": 4, ""format_name"": ""string_template"", ""formula_name"": ""abs_diff_2d"", ""low_shot"": false, ""query_operator"": ""&"", ""same_operator_example_count"": 2, ""subtype"": ""numeric_2x2""}",False,,,False,False,0,False,False,False,False,0,0,,False,,0,0,,,False,0,0,0,False,,0,,0,,&,2,abs_diff_2d,1,False,False
878c843c,"In Alice's Wonderland, a secret set of transformation rules is applied to equations. Below are a few examples:
99/10 = 89
37'26 = 3726
76'94 = 7694
57'21 = 5721
88/47 = 41
Now, determine the result for: 80/45",35,symbol_equation,equation_transduction,numeric,True,0.94,5,80/45,atypenumeric__alen2__risksafe,2.0,risk_mid,208,39,2,False,False,False,False,"',./:=",,,,,,,unknown,,0,unknown,,False,1,2,low,False,1.0,False,low,True,symbol_equation,symbol,numeric_2x2,symbol_numeric_operator_formula,35,True,True,True,verified_trace_ready,2.0,,symbol_numeric_formula_exact,"{""candidate_prediction_count"": 1, ""example_count"": 5, ""format_name"": ""string_template"", ""formula_name"": ""abs_diff_2d"", ""low_shot"": false, ""query_operator"": ""/"", ""same_operator_example_count"": 2, ""subtype"": ""numeric_2x2""}",False,,,False,False,0,False,False,False,False,0,0,,False,,0,0,,,False,0,0,0,False,,0,,0,,/,2,abs_diff_2d,1,False,False
c7420a23,"In Alice's Wonderland, a secret set of transformation rules is applied to equations. Below are a few examples:
34]17 = 578
78^63 = 142
16$83 = 67
39$17 = 22
84^62 = 147
Now, determine the result for: 42$75",33,symbol_equation,equation_transduction,numeric,True,0.94,5,42$75,atypenumeric__alen2__risksafe,2.0,risk_mid,205,39,2,False,False,False,False,"$',.:=]^",,,,,,,unknown,,0,unknown,,False,1,2,low,False,0.5,False,low,True,symbol_equation,symbol,numeric_2x2,symbol_numeric_operator_formula,33,True,True,True,verified_trace_ready,2.0,,symbol_numeric_formula_exact,"{""candidate_prediction_count"": 1, ""example_count"": 5, ""format_name"": ""string_template"", ""formula_name"": ""abs_diff_2d"", ""low_shot"": false, ""query_operator"": ""$"", ""same_operator_example_count"": 2, ""subtype"": ""numeric_2x2""}",False,,,False,False,0,False,False,False,False,0,0,,False,,0,0,,,False,0,0,0,False,,0,,0,,$,2,abs_diff_2d,1,False,False
824d4bcb,"In Alice's Wonderland, a secret set of transformation rules is applied to equations. Below are a few examples:
09!22 = 0891
49\72 = 121
11:92 = 81:
65!61 = 698
68:06 = 62:
Now, determine the result for: 24:88",64:,symbol_equation,equation_transduction,symbolic,True,0.94,5,24:88,atypesymbolic__alen3__risksafe,3.0,risk_mid,208,39,3,False,True,False,False,"!',.:=\",,,,,,,unknown,,0,unknown,,False,1,3,mid,False,1.0,False,low,True,symbol_equation,symbol,numeric_2x2,symbol_numeric_operator_formula,64:,True,True,True,verified_trace_ready,3.0,,symbol_numeric_formula_exact,"{""candidate_prediction_count"": 1, ""example_count"": 5, ""format_name"": ""string_template"", ""formula_name"": ""abs_diff_2d_op_suffix"", ""low_shot"": false, ""query_operator"": "":"", ""same_operator_example_count"": 2, ""subtype"": ""numeric_2x2""}",False,,,False,False,0,False,False,False,False,0,0,,False,,0,0,,,False,0,0,0,False,,0,,0,,:,2,abs_diff_2d_op_suffix,1,False,False
b655eee9,"In Alice's Wonderland, a secret set of transformation rules is applied to equations. Below are a few examples:
16-71 = -44
47-64 = -82
37+79 = 171
Now, determine the result for: 76-83",-92,symbol_equation,equation_transduction,numeric,True,0.94,3,76-83,atypenumeric__alen3__risksafe,1.0,risk_low,183,33,3,False,False,False,False,"'+,-.:=",,,,,,,unknown,,0,unknown,,False,1,3,low,False,1.0,False,low,True,symbol_equation,symbol,numeric_2x2,symbol_numeric_operator_formula,-92,True,True,True,verified_trace_ready,1.0,,symbol_numeric_formula_exact,"{""candidate_prediction_count"": 1, ""example_count"": 3, ""format_name"": ""prefix_abs_zpad2"", ""formula_name"": ""comp99_abs_diff_2d"", ""low_shot"": false, ""query_operator"": ""-"", ""same_operator_example_count"": 2, ""subtype"": ""numeric_2x2""}",False,,,False,False,0,False,False,False,False,0,0,,False,,0,0,,,False,0,0,0,False,,0,,0,,-,2,comp99_abs_diff_2d,1,False,False
cb2fdb6b,"In Alice's Wonderland, a secret set of transformation rules is applied to equations. Below are a few examples:
17-95 = 21
42+65 = 18
08-36 = 71
14+08 = 221
Now, determine the result for: 08-53",54,symbol_equation,equation_transduction,numeric,True,0.94,4,08-53,atypenumeric__alen2__risksafe,1.0,risk_low,192,36,2,False,False,False,False,"'+,-.:=",,,,,,,unknown,,0,unknown,,False,1,2,low,False,1.0,False,low,True,symbol_equation,symbol,numeric_2x2,symbol_numeric_operator_formula,54,True,True,True,verified_trace_ready,1.0,,symbol_numeric_formula_exact,"{""candidate_prediction_count"": 1, ""example_count"": 4, ""format_name"": ""zpad2"", ""formula_name"": ""comp99_abs_diff_2d"", ""low_shot"": false, ""query_operator"": ""-"", ""same_operator_example_count"": 2, ""subtype"": ""numeric_2x2""}",False,,,False,False,0,False,False,False,False,0,0,,False,,0,0,,,False,0,0,0,False,,0,,0,,-,2,comp99_abs_diff_2d,1,False,False
6b393b81,"In Alice's Wonderland, a secret set of transformation rules is applied to equations. Below are a few examples:
19>36 = 1936
63>24 = 6324
36>39 = 3639
50<19 = 5019
65<72 = 6572
Now, determine the result for: 40>46",4046,symbol_equation,equation_transduction,numeric,True,0.94,5,40>46,atypenumeric__alen4__risksafe,3.0,risk_mid,212,39,4,False,False,False,False,"',.:<=>",,,,,,,unknown,,0,unknown,,False,1,4,high,False,0.75,False,low,True,symbol_equation,symbol,numeric_2x2,symbol_numeric_operator_formula,4046,True,True,True,verified_trace_ready,3.0,,symbol_numeric_formula_exact,"{""candidate_prediction_count"": 1, ""example_count"": 5, ""format_name"": ""string_template"", ""formula_name"": ""concat_xy"", ""low_shot"": false, ""query_operator"": "">"", ""same_operator_example_count"": 3, ""subtype"": ""numeric_2x2""}",False,,,False,False,0,False,False,False,False,0,0,,False,,0,0,,,False,0,0,0,False,,0,,0,,>,3,concat_xy,1,False,False
0cd170a0,"In Alice's Wonderland, a secret set of transformation rules is applied to equations. Below are a few examples:
22:12 = 10
23:33 = :10
67^30 = 6730
71^79 = 7179
Now, determine the result for: 98^14",9814,symbol_equation,equation_transduction,numeric,True,0.94,4,98^14,atypenumeric__alen4__risksafe,2.0,risk_low,196,36,4,False,False,False,False,"',.:=^",,,,,,,unknown,,0,unknown,,False,1,4,high,False,1.0,False,low,True,symbol_equation,symbol,numeric_2x2,symbol_numeric_operator_formula,9814,True,True,True,verified_trace_ready,2.0,,symbol_numeric_formula_exact,"{""candidate_prediction_count"": 1, ""example_count"": 4, ""format_name"": ""string_template"", ""formula_name"": ""concat_xy"", ""low_shot"": false, ""query_operator"": ""^"", ""same_operator_example_count"": 2, ""subtype"": ""numeric_2x2""}",False,,,False,False,0,False,False,False,False,0,0,,False,,0,0,,,False,0,0,0,False,,0,,0,,^,2,concat_xy,1,False,False
1c48f9aa,"In Alice's Wonderland, a secret set of transformation rules is applied to equations. Below are a few examples:
22{52 = 2252
74*60 = 14
31*65 = 34
39{12 = 3912
Now, determine the result for: 86{10",8610,symbol_equation,equation_transduction,numeric,True,0.94,4,86{10,atypenumeric__alen4__risksafe,3.0,risk_mid,195,36,4,False,False,False,False,"'*,.:={",,,,,,,unknown,,0,unknown,,False,1,4,high,False,1.0,False,high,True,symbol_equation,symbol,numeric_2x2,symbol_numeric_operator_formula,8610,True,True,True,verified_trace_ready,3.0,,symbol_numeric_formula_exact,"{""candidate_prediction_count"": 1, ""example_count"": 4, ""format_name"": ""string_template"", ""formula_name"": ""concat_xy"", ""low_shot"": false, ""query_operator"": ""{"", ""same_operator_example_count"": 2, ""subtype"": ""numeric_2x2""}",False,,,False,False,0,False,False,False,False,0,0,,False,,0,0,,,False,0,0,0,False,,0,,0,,{,2,concat_xy,1,False,False
27cec7a9,"In Alice's Wonderland, a secret set of transformation rules is applied to equations. Below are a few examples:
62!34 = 95
17%40 = %23
52:35 = 5235
52%99 = %47
90:55 = 9055
Now, determine the result for: 33:41",3341,symbol_equation,equation_transduction,numeric,True,0.94,5,33:41,atypenumeric__alen4__risksafe,3.0,risk_mid,208,39,4,False,False,False,False,"!%',.:=",,,,,,,unknown,,0,unknown,,False,1,4,high,False,0.75,False,low,True,symbol_equation,symbol,numeric_2x2,symbol_numeric_operator_formula,3341,True,True,True,verified_trace_ready,3.0,,symbol_numeric_formula_exact,"{""candidate_prediction_count"": 1, ""example_count"": 5, ""format_name"": ""string_template"", ""formula_name"": ""concat_xy"", ""low_shot"": false, ""query_operator"": "":"", ""same_operator_example_count"": 2, ""subtype"": ""numeric_2x2""}",False,,,False,False,0,False,False,False,False,0,0,,False,,0,0,,,False,0,0,0,False,,0,,0,,:,2,concat_xy,1,False,False
2f485a40,"In Alice's Wonderland, a secret set of transformation rules is applied to equations. Below are a few examples:
20+44 = 2044
15}39 = 1539
35}43 = 3543
82+31 = 8231
Now, determine the result for: 18+67",1867,symbol_equation,equation_transduction,numeric,True,0.94,4,18+67,atypenumeric__alen4__risksafe,4.0,risk_mid,199,36,4,True,False,False,False,"'+,.:=}",,,,,,,unknown,,0,unknown,,False,1,4,high,False,1.0,False,low,True,symbol_equation,symbol,numeric_2x2,symbol_numeric_operator_formula,1867,True,True,True,verified_trace_ready,4.0,,symbol_numeric_formula_exact,"{""candidate_prediction_count"": 1, ""example_count"": 4, ""format_name"": ""string_template"", ""formula_name"": ""concat_xy"", ""low_shot"": false, ""query_operator"": ""+"", ""same_operator_example_count"": 2, ""subtype"": ""numeric_2x2""}",False,,,False,False,0,False,False,False,False,0,0,,False,,0,0,,,False,0,0,0,False,,0,,0,,+,2,concat_xy,1,False,False
3580648f,"In Alice's Wonderland, a secret set of transformation rules is applied to equations. Below are a few examples:
83/40 = /43
69/91 = /22
87-64 = 8764
21-13 = 2113
25/14 = /11
Now, determine the result for: 26-40",2640,symbol_equation,equation_transduction,numeric,True,0.94,5,26-40,atypenumeric__alen4__risksafe,3.0,risk_mid,209,39,4,False,False,False,False,"',-./:=",,,,,,,unknown,,0,unknown,,False,1,4,high,False,1.0,False,low,True,symbol_equation,symbol,numeric_2x2,symbol_numeric_operator_formula,2640,True,True,True,verified_trace_ready,3.0,,symbol_numeric_formula_exact,"{""candidate_prediction_count"": 1, ""example_count"": 5, ""format_name"": ""string_template"", ""formula_name"": ""concat_xy"", ""low_shot"": false, ""query_operator"": ""-"", ""same_operator_example_count"": 2, ""subtype"": ""numeric_2x2""}",False,,,False,False,0,False,False,False,False,0,0,,False,,0,0,,,False,0,0,0,False,,0,,0,,-,2,concat_xy,1,False,False
3efc46c1,"In Alice's Wonderland, a secret set of transformation rules is applied to equations. Below are a few examples:
36[15 = 3615
55/38 = 93
67<89 = 22
86[39 = 8639
Now, determine the result for: 39[64",3964,symbol_equation,equation_transduction,numeric,True,0.94,4,39[64,atypenumeric__alen4__risksafe,2.0,risk_low,195,36,4,False,False,False,False,"',./:<=[",,,,,,,unknown,,0,unknown,,False,1,4,high,False,1.0,False,low,True,symbol_equation,symbol,numeric_2x2,symbol_numeric_operator_formula,3964,True,True,True,verified_trace_ready,2.0,,symbol_numeric_formula_exact,"{""candidate_prediction_count"": 1, ""example_count"": 4, ""format_name"": ""string_template"", ""formula_name"": ""concat_xy"", ""low_shot"": false, ""query_operator"": ""["", ""same_operator_example_count"": 2, ""subtype"": ""numeric_2x2""}",False,,,False,False,0,False,False,False,False,0,0,,False,,0,0,,,False,0,0,0,False,,0,,0,,[,2,concat_xy,1,False,False
4895b955,"In Alice's Wonderland, a secret set of transformation rules is applied to equations. Below are a few examples:
40^13 = 1
86(19 = 8619
58{88 = 5104
99(67 = 9967
Now, determine the result for: 47(96",4796,symbol_equation,equation_transduction,numeric,True,0.94,4,47(96,atypenumeric__alen4__risksafe,2.0,risk_low,196,36,4,False,False,False,False,"'(,.:=^{",,,,,,,unknown,,0,unknown,,False,1,4,high,False,1.0,False,low,True,symbol_equation,symbol,numeric_2x2,symbol_numeric_operator_formula,4796,True,True,True,verified_trace_ready,2.0,,symbol_numeric_formula_exact,"{""candidate_prediction_count"": 1, ""example_count"": 4, ""format_name"": ""string_template"", ""formula_name"": ""concat_xy"", ""low_shot"": false, ""query_operator"": ""("", ""same_operator_example_count"": 2, ""subtype"": ""numeric_2x2""}",False,,,False,False,0,False,False,False,False,0,0,,False,,0,0,,,False,0,0,0,False,,0,,0,,(,2,concat_xy,1,False,False
54c9bde5,"In Alice's Wonderland, a secret set of transformation rules is applied to equations. Below are a few examples:
52(28 = 79
50-78 = 5078
71\89 = \18
36-79 = 3679
87(18 = 104
Now, determine the result for: 30-64",3064,symbol_equation,equation_transduction,numeric,True,0.94,5,30-64,atypenumeric__alen4__risksafe,4.0,risk_mid,208,39,4,False,True,False,False,"'(,-.:=\",,,,,,,unknown,,0,unknown,,False,1,4,high,False,1.0,False,low,True,symbol_equation,symbol,numeric_2x2,symbol_numeric_operator_formula,3064,True,True,True,verified_trace_ready,4.0,,symbol_numeric_formula_exact,"{""candidate_prediction_count"": 1, ""example_count"": 5, ""format_name"": ""string_template"", ""formula_name"": ""concat_xy"", ""low_shot"": false, ""query_operator"": ""-"", ""same_operator_example_count"": 2, ""subtype"": ""numeric_2x2""}",False,,,False,False,0,False,False,False,False,0,0,,False,,0,0,,,False,0,0,0,False,,0,,0,,-,2,concat_xy,1,False,False
680f19b3,"In Alice's Wonderland, a secret set of transformation rules is applied to equations. Below are a few examples:
28@11 = 308
76?18 = 7618
53)50 = )3
31?65 = 3165
Now, determine the result for: 97?56",9756,symbol_equation,equation_transduction,numeric,True,0.94,4,97?56,atypenumeric__alen4__risksafe,2.0,risk_low,196,36,4,False,False,False,False,"'),.:=?@",,,,,,,unknown,,0,unknown,,False,1,4,high,False,1.0,False,low,True,symbol_equation,symbol,numeric_2x2,symbol_numeric_operator_formula,9756,True,True,True,verified_trace_ready,2.0,,symbol_numeric_formula_exact,"{""candidate_prediction_count"": 1, ""example_count"": 4, ""format_name"": ""string_template"", ""formula_name"": ""concat_xy"", ""low_shot"": false, ""query_operator"": ""?"", ""same_operator_example_count"": 2, ""subtype"": ""numeric_2x2""}",False,,,False,False,0,False,False,False,False,0,0,,False,,0,0,,,False,0,0,0,False,,0,,0,,?,2,concat_xy,1,False,False
76e6f646,"In Alice's Wonderland, a secret set of transformation rules is applied to equations. Below are a few examples:
59{68 = 5968
41^89 = 3649
32$71 = 39
89{86 = 8986
Now, determine the result for: 65{57",6557,symbol_equation,equation_transduction,numeric,True,0.94,4,65{57,atypenumeric__alen4__risksafe,3.0,risk_mid,197,36,4,False,False,False,False,"$',.:=^{",,,,,,,unknown,,0,unknown,,False,1,4,high,False,0.75,False,high,True,symbol_equation,symbol,numeric_2x2,symbol_numeric_operator_formula,6557,True,True,True,verified_trace_ready,3.0,,symbol_numeric_formula_exact,"{""candidate_prediction_count"": 1, ""example_count"": 4, ""format_name"": ""string_template"", ""formula_name"": ""concat_xy"", ""low_shot"": false, ""query_operator"": ""{"", ""same_operator_example_count"": 2, ""subtype"": ""numeric_2x2""}",False,,,False,False,0,False,False,False,False,0,0,,False,,0,0,,,False,0,0,0,False,,0,,0,,{,2,concat_xy,1,False,False
91488dc9,"In Alice's Wonderland, a secret set of transformation rules is applied to equations. Below are a few examples:
53?64 = 5364
54?80 = 5480
94(33 = 61
Now, determine the result for: 34?31",3431,symbol_equation,equation_transduction,numeric,True,0.94,3,34?31,atypenumeric__alen4__risksafe,2.0,risk_mid,184,33,4,False,False,False,False,"'(,.:=?",,,,,,,unknown,,0,unknown,,False,1,4,high,False,0.75,False,low,True,symbol_equation,symbol,numeric_2x2,symbol_numeric_operator_formula,3431,True,True,True,verified_trace_ready,2.0,,symbol_numeric_formula_exact,"{""candidate_prediction_count"": 1, ""example_count"": 3, ""format_name"": ""string_template"", ""formula_name"": ""concat_xy"", ""low_shot"": false, ""query_operator"": ""?"", ""same_operator_example_count"": 2, ""subtype"": ""numeric_2x2""}",False,,,False,False,0,False,False,False,False,0,0,,False,,0,0,,,False,0,0,0,False,,0,,0,,?,2,concat_xy,1,False,False
a8e033fe,"In Alice's Wonderland, a secret set of transformation rules is applied to equations. Below are a few examples:
94?48 = 9448
86}36 = 121
38{18 = 20
87{62 = 25
13?39 = 1339
Now, determine the result for: 68?54",6854,symbol_equation,equation_transduction,numeric,True,0.94,5,68?54,atypenumeric__alen4__risksafe,5.0,risk_high,207,39,4,True,False,False,False,"',.:=?{}",,,,,,,unknown,,0,unknown,,False,1,4,high,False,1.0,False,low,True,symbol_equation,symbol,numeric_2x2,symbol_numeric_operator_formula,6854,True,True,True,verified_trace_ready,5.0,,symbol_numeric_formula_exact,"{""candidate_prediction_count"": 1, ""example_count"": 5, ""format_name"": ""string_template"", ""formula_name"": ""concat_xy"", ""low_shot"": false, ""query_operator"": ""?"", ""same_operator_example_count"": 2, ""subtype"": ""numeric_2x2""}",False,,,False,False,0,False,False,False,False,0,0,,False,,0,0,,,False,0,0,0,False,,0,,0,,?,2,concat_xy,1,False,False
dbd0e3c9,"In Alice's Wonderland, a secret set of transformation rules is applied to equations. Below are a few examples:
68*11 = 6811
31*85 = 3185
82`11 = 901
46#14 = 32
43`30 = 1289
Now, determine the result for: 56*31",5631,symbol_equation,equation_transduction,numeric,True,0.94,5,56*31,atypenumeric__alen4__risksafe,3.0,risk_mid,209,39,4,False,False,True,False,"#'*,.:=`",,,,,,,unknown,,0,unknown,,False,1,4,high,False,1.0,False,low,True,symbol_equation,symbol,numeric_2x2,symbol_numeric_operator_formula,5631,True,True,True,verified_trace_ready,3.0,,symbol_numeric_formula_exact,"{""candidate_prediction_count"": 1, ""example_count"": 5, ""format_name"": ""string_template"", ""formula_name"": ""concat_xy"", ""low_shot"": false, ""query_operator"": ""*"", ""same_operator_example_count"": 2, ""subtype"": ""numeric_2x2""}",False,,,False,False,0,False,False,False,False,0,0,,False,,0,0,,,False,0,0,0,False,,0,,0,,*,2,concat_xy,1,False,False
dfec0ed4,"In Alice's Wonderland, a secret set of transformation rules is applied to equations. Below are a few examples:
15*59 = 1559
81}30 = 2431
18*77 = 1877
Now, determine the result for: 93*70",9370,symbol_equation,equation_transduction,numeric,True,0.94,3,93*70,atypenumeric__alen4__risksafe,4.0,risk_high,186,33,4,True,False,False,False,"'*,.:=}",,,,,,,unknown,,0,unknown,,False,1,4,high,False,1.0,False,low,True,symbol_equation,symbol,numeric_2x2,symbol_numeric_operator_formula,9370,True,True,True,verified_trace_ready,4.0,,symbol_numeric_formula_exact,"{""candidate_prediction_count"": 1, ""example_count"": 3, ""format_name"": ""string_template"", ""formula_name"": ""concat_xy"", ""low_shot"": false, ""query_operator"": ""*"", ""same_operator_example_count"": 2, ""subtype"": ""numeric_2x2""}",False,,,False,False,0,False,False,False,False,0,0,,False,,0,0,,,False,0,0,0,False,,0,,0,,*,2,concat_xy,1,False,False
f7d90ae3,"In Alice's Wonderland, a secret set of transformation rules is applied to equations. Below are a few examples:
61`23 = 38
84/48 = 8448
87`85 = 2
73/54 = 7354
Now, determine the result for: 98/19",9819,symbol_equation,equation_transduction,numeric,True,0.94,4,98/19,atypenumeric__alen4__risksafe,2.0,risk_mid,194,36,4,False,False,True,False,"',./:=`",,,,,,,unknown,,0,unknown,,False,1,4,high,False,0.75,False,low,True,symbol_equation,symbol,numeric_2x2,symbol_numeric_operator_formula,9819,True,True,True,verified_trace_ready,2.0,,symbol_numeric_formula_exact,"{""candidate_prediction_count"": 1, ""example_count"": 4, ""format_name"": ""string_template"", ""formula_name"": ""concat_xy"", ""low_shot"": false, ""query_operator"": ""/"", ""same_operator_example_count"": 2, ""subtype"": ""numeric_2x2""}",False,,,False,False,0,False,False,False,False,0,0,,False,,0,0,,,False,0,0,0,False,,0,,0,,/,2,concat_xy,1,False,False
f94810f5,"In Alice's Wonderland, a secret set of transformation rules is applied to equations. Below are a few examples:
41{23 = 4123
91/49 = 57
12}74 = 789
11{15 = 1115
Now, determine the result for: 15{92",1592,symbol_equation,equation_transduction,numeric,True,0.94,4,15{92,atypenumeric__alen4__risksafe,5.0,risk_high,196,36,4,True,False,False,False,"',./:={}",,,,,,,unknown,,0,unknown,,False,1,4,high,False,1.0,False,high,True,symbol_equation,symbol,numeric_2x2,symbol_numeric_operator_formula,1592,True,True,True,verified_trace_ready,5.0,,symbol_numeric_formula_exact,"{""candidate_prediction_count"": 1, ""example_count"": 4, ""format_name"": ""string_template"", ""formula_name"": ""concat_xy"", ""low_shot"": false, ""query_operator"": ""{"", ""same_operator_example_count"": 2, ""subtype"": ""numeric_2x2""}",False,,,False,False,0,False,False,False,False,0,0,,False,,0,0,,,False,0,0,0,False,,0,,0,,{,2,concat_xy,1,False,False
552e14d7,"In Alice's Wonderland, a secret set of transformation rules is applied to equations. Below are a few examples:
59+94 = 9459
68+08 = 0868
14+35 = 3514
12+98 = 9812
76'52 = 24'
Now, determine the result for: 56+17",1756,symbol_equation,equation_transduction,numeric,True,0.94,5,56+17,atypenumeric__alen4__risksafe,3.0,risk_mid,211,39,4,False,False,False,False,"'+,.:=",,,,,,,unknown,,0,unknown,,False,1,4,high,False,1.0,False,low,True,symbol_equation,symbol,numeric_2x2,symbol_numeric_operator_formula,1756,True,True,True,verified_trace_ready,3.0,,symbol_numeric_formula_exact,"{""candidate_prediction_count"": 1, ""example_count"": 5, ""format_name"": ""string_template"", ""formula_name"": ""concat_yx"", ""low_shot"": false, ""query_operator"": ""+"", ""same_operator_example_count"": 4, ""subtype"": ""numeric_2x2""}",False,,,False,False,0,False,False,False,False,0,0,,False,,0,0,,,False,0,0,0,False,,0,,0,,+,4,concat_yx,1,False,False
41e6cbfc,"In Alice's Wonderland, a secret set of transformation rules is applied to equations. Below are a few examples:
05+12 = 1205
02*63 = 6302
69+97 = 9769
61+47 = 4761
Now, determine the result for: 18+93",9318,symbol_equation,equation_transduction,numeric,True,0.94,4,18+93,atypenumeric__alen4__risksafe,2.0,risk_low,199,36,4,False,False,False,False,"'*+,.:=",,,,,,,unknown,,0,unknown,,False,1,4,high,False,1.0,False,low,True,symbol_equation,symbol,numeric_2x2,symbol_numeric_operator_formula,9318,True,True,True,verified_trace_ready,2.0,,symbol_numeric_formula_exact,"{""candidate_prediction_count"": 1, ""example_count"": 4, ""format_name"": ""string_template"", ""formula_name"": ""concat_yx"", ""low_shot"": false, ""query_operator"": ""+"", ""same_operator_example_count"": 3, ""subtype"": ""numeric_2x2""}",False,,,False,False,0,False,False,False,False,0,0,,False,,0,0,,,False,0,0,0,False,,0,,0,,+,3,concat_yx,1,False,False
52c62a3e,"In Alice's Wonderland, a secret set of transformation rules is applied to equations. Below are a few examples:
48\75 = 72\
56\24 = 32\
62*43 = 4362
02*71 = 7102
77*33 = 3377
Now, determine the result for: 92*12",1292,symbol_equation,equation_transduction,numeric,True,0.94,5,92*12,atypenumeric__alen4__risksafe,4.0,risk_mid,210,39,4,False,True,False,False,"'*,.:=\",,,,,,,unknown,,0,unknown,,False,1,4,high,False,0.75,False,low,True,symbol_equation,symbol,numeric_2x2,symbol_numeric_operator_formula,1292,True,True,True,verified_trace_ready,4.0,,symbol_numeric_formula_exact,"{""candidate_prediction_count"": 1, ""example_count"": 5, ""format_name"": ""string_template"", ""formula_name"": ""concat_yx"", ""low_shot"": false, ""query_operator"": ""*"", ""same_operator_example_count"": 3, ""subtype"": ""numeric_2x2""}",False,,,False,False,0,False,False,False,False,0,0,,False,,0,0,,,False,0,0,0,False,,0,,0,,*,3,concat_yx,1,False,False
7c72ad99,"In Alice's Wonderland, a secret set of transformation rules is applied to equations. Below are a few examples:
69*91 = 9169
33*27 = 2733
19*34 = 3419
Now, determine the result for: 33*27",2733,symbol_equation,equation_transduction,numeric,True,0.94,3,33*27,atypenumeric__alen4__risksafe,2.0,risk_mid,186,33,4,False,False,False,False,"'*,.:=",,,,,,,unknown,,0,unknown,,False,1,4,high,False,0.75,False,low,True,symbol_equation,symbol,numeric_2x2,symbol_numeric_operator_formula,2733,True,True,True,verified_trace_ready,2.0,,symbol_numeric_formula_exact,"{""candidate_prediction_count"": 1, ""example_count"": 3, ""format_name"": ""string_template"", ""formula_name"": ""concat_yx"", ""low_shot"": false, ""query_operator"": ""*"", ""same_operator_example_count"": 3, ""subtype"": ""numeric_2x2""}",False,,,False,False,0,False,False,False,False,0,0,,False,,0,0,,,False,0,0,0,False,,0,,0,,*,3,concat_yx,1,False,False
8321a400,"In Alice's Wonderland, a secret set of transformation rules is applied to equations. Below are a few examples:
98*36 = 3698
04*82 = 8204
26-11 = 15
64*02 = 0264
25+94 = 9425
Now, determine the result for: 15*69",6915,symbol_equation,equation_transduction,numeric,True,0.94,5,15*69,atypenumeric__alen4__risksafe,3.0,risk_mid,210,39,4,False,False,False,False,"'*+,-.:=",,,,,,,unknown,,0,unknown,,False,1,4,high,False,1.0,False,low,True,symbol_equation,symbol,numeric_2x2,symbol_numeric_operator_formula,6915,True,True,True,verified_trace_ready,3.0,,symbol_numeric_formula_exact,"{""candidate_prediction_count"": 1, ""example_count"": 5, ""format_name"": ""string_template"", ""formula_name"": ""concat_yx"", ""low_shot"": false, ""query_operator"": ""*"", ""same_operator_example_count"": 3, ""subtype"": ""numeric_2x2""}",False,,,False,False,0,False,False,False,False,0,0,,False,,0,0,,,False,0,0,0,False,,0,,0,,*,3,concat_yx,1,False,False
383889e1,"In Alice's Wonderland, a secret set of transformation rules is applied to equations. Below are a few examples:
28(26 = 02
51(95 = (44
88""85 = 8588
42""28 = 2842
Now, determine the result for: 85""51",5185,symbol_equation,equation_transduction,numeric,True,0.94,4,"85""51",atypenumeric__alen4__risksafe,2.0,risk_low,196,36,4,False,False,False,False,"""'(,.:=",,,,,,,unknown,,0,unknown,,False,1,4,high,False,0.75,False,low,True,symbol_equation,symbol,numeric_2x2,symbol_numeric_operator_formula,5185,True,True,True,verified_trace_ready,2.0,,symbol_numeric_formula_exact,"{""candidate_prediction_count"": 1, ""example_count"": 4, ""format_name"": ""string_template"", ""formula_name"": ""concat_yx"", ""low_shot"": false, ""query_operator"": ""\"""", ""same_operator_example_count"": 2, ""subtype"": ""numeric_2x2""}",False,,,False,False,0,False,False,False,False,0,0,,False,,0,0,,,False,0,0,0,False,,0,,0,,"""",2,concat_yx,1,False,False
427ba852,"In Alice's Wonderland, a secret set of transformation rules is applied to equations. Below are a few examples:
16+65 = 711
56+45 = 911
66*55 = 5566
96*41 = 4196
67-34 = 33
Now, determine the result for: 14*22",2214,symbol_equation,equation_transduction,numeric,True,0.94,5,14*22,atypenumeric__alen4__risksafe,3.0,risk_mid,208,39,4,False,False,False,False,"'*+,-.:=",,,,,,,unknown,,0,unknown,,False,1,4,high,False,0.75,False,low,True,symbol_equation,symbol,numeric_2x2,symbol_numeric_operator_formula,2214,True,True,True,verified_trace_ready,3.0,,symbol_numeric_formula_exact,"{""candidate_prediction_count"": 1, ""example_count"": 5, ""format_name"": ""string_template"", ""formula_name"": ""concat_yx"", ""low_shot"": false, ""query_operator"": ""*"", ""same_operator_example_count"": 2, ""subtype"": ""numeric_2x2""}",False,,,False,False,0,False,False,False,False,0,0,,False,,0,0,,,False,0,0,0,False,,0,,0,,*,2,concat_yx,1,False,False
4d8f8111,"In Alice's Wonderland, a secret set of transformation rules is applied to equations. Below are a few examples:
98+78 = 7898
77-93 = 83
42-23 = 8
42*09 = 0612
92+63 = 6392
Now, determine the result for: 01+76",7601,symbol_equation,equation_transduction,numeric,True,0.94,5,01+76,atypenumeric__alen4__risksafe,3.0,risk_mid,207,39,4,False,False,False,False,"'*+,-.:=",,,,,,,unknown,,0,unknown,,False,1,4,high,False,1.0,False,low,True,symbol_equation,symbol,numeric_2x2,symbol_numeric_operator_formula,7601,True,True,True,verified_trace_ready,3.0,,symbol_numeric_formula_exact,"{""candidate_prediction_count"": 1, ""example_count"": 5, ""format_name"": ""string_template"", ""formula_name"": ""concat_yx"", ""low_shot"": false, ""query_operator"": ""+"", ""same_operator_example_count"": 2, ""subtype"": ""numeric_2x2""}",False,,,False,False,0,False,False,False,False,0,0,,False,,0,0,,,False,0,0,0,False,,0,,0,,+,2,concat_yx,1,False,False
791fc537,"In Alice's Wonderland, a secret set of transformation rules is applied to equations. Below are a few examples:
01`26 = 2601
76-39 = -62
85/52 = 38
53`71 = 7153
61/44 = 06
Now, determine the result for: 42`53",5342,symbol_equation,equation_transduction,numeric,True,0.94,5,42`53,atypenumeric__alen4__risksafe,4.0,risk_high,207,39,4,False,False,True,False,"',-./:=`",,,,,,,unknown,,0,unknown,,False,1,4,high,False,1.0,False,high,True,symbol_equation,symbol,numeric_2x2,symbol_numeric_operator_formula,5342,True,True,True,verified_trace_ready,4.0,,symbol_numeric_formula_exact,"{""candidate_prediction_count"": 1, ""example_count"": 5, ""format_name"": ""string_template"", ""formula_name"": ""concat_yx"", ""low_shot"": false, ""query_operator"": ""`"", ""same_operator_example_count"": 2, ""subtype"": ""numeric_2x2""}",False,,,False,False,0,False,False,False,False,0,0,,False,,0,0,,,False,0,0,0,False,,0,,0,,`,2,concat_yx,1,False,False
8dea05d7,"In Alice's Wonderland, a secret set of transformation rules is applied to equations. Below are a few examples:
03+06 = 0603
45+81 = 8145
41-24 = 82
33-37 = 04
Now, determine the result for: 07+39",3907,symbol_equation,equation_transduction,numeric,True,0.94,4,07+39,atypenumeric__alen4__risksafe,2.0,risk_mid,195,36,4,False,False,False,False,"'+,-.:=",,,,,,,unknown,,0,unknown,,False,1,4,high,False,1.0,False,low,True,symbol_equation,symbol,numeric_2x2,symbol_numeric_operator_formula,3907,True,True,True,verified_trace_ready,2.0,,symbol_numeric_formula_exact,"{""candidate_prediction_count"": 1, ""example_count"": 4, ""format_name"": ""string_template"", ""formula_name"": ""concat_yx"", ""low_shot"": false, ""query_operator"": ""+"", ""same_operator_example_count"": 2, ""subtype"": ""numeric_2x2""}",False,,,False,False,0,False,False,False,False,0,0,,False,,0,0,,,False,0,0,0,False,,0,,0,,+,2,concat_yx,1,False,False
9760032a,"In Alice's Wonderland, a secret set of transformation rules is applied to equations. Below are a few examples:
32+98 = 9832
51-63 = -12
38+76 = 7638
Now, determine the result for: 72+93",9372,symbol_equation,equation_transduction,numeric,True,0.94,3,72+93,atypenumeric__alen4__risksafe,2.0,risk_mid,185,33,4,False,False,False,False,"'+,-.:=",,,,,,,unknown,,0,unknown,,False,1,4,high,False,1.0,False,low,True,symbol_equation,symbol,numeric_2x2,symbol_numeric_operator_formula,9372,True,True,True,verified_trace_ready,2.0,,symbol_numeric_formula_exact,"{""candidate_prediction_count"": 1, ""example_count"": 3, ""format_name"": ""string_template"", ""formula_name"": ""concat_yx"", ""low_shot"": false, ""query_operator"": ""+"", ""same_operator_example_count"": 2, ""subtype"": ""numeric_2x2""}",False,,,False,False,0,False,False,False,False,0,0,,False,,0,0,,,False,0,0,0,False,,0,,0,,+,2,concat_yx,1,False,False
99e2cf41,"In Alice's Wonderland, a secret set of transformation rules is applied to equations. Below are a few examples:
09+62 = 6209
32*63 = 828
83+45 = 4583
42*87 = 2781
Now, determine the result for: 15+44",4415,symbol_equation,equation_transduction,numeric,True,0.94,4,15+44,atypenumeric__alen4__risksafe,2.0,risk_mid,198,36,4,False,False,False,False,"'*+,.:=",,,,,,,unknown,,0,unknown,,False,1,4,high,False,0.75,False,low,True,symbol_equation,symbol,numeric_2x2,symbol_numeric_operator_formula,4415,True,True,True,verified_trace_ready,2.0,,symbol_numeric_formula_exact,"{""candidate_prediction_count"": 1, ""example_count"": 4, ""format_name"": ""string_template"", ""formula_name"": ""concat_yx"", ""low_shot"": false, ""query_operator"": ""+"", ""same_operator_example_count"": 2, ""subtype"": ""numeric_2x2""}",False,,,False,False,0,False,False,False,False,0,0,,False,,0,0,,,False,0,0,0,False,,0,,0,,+,2,concat_yx,1,False,False
9dd8adaa,"In Alice's Wonderland, a secret set of transformation rules is applied to equations. Below are a few examples:
05+69 = 641
98+28 = 171
49*19 = 1949
02*83 = 8302
Now, determine the result for: 08*43",4308,symbol_equation,equation_transduction,numeric,True,0.94,4,08*43,atypenumeric__alen4__risksafe,2.0,risk_mid,197,36,4,False,False,False,False,"'*+,.:=",,,,,,,unknown,,0,unknown,,False,1,4,high,False,1.0,False,low,True,symbol_equation,symbol,numeric_2x2,symbol_numeric_operator_formula,4308,True,True,True,verified_trace_ready,2.0,,symbol_numeric_formula_exact,"{""candidate_prediction_count"": 1, ""example_count"": 4, ""format_name"": ""string_template"", ""formula_name"": ""concat_yx"", ""low_shot"": false, ""query_operator"": ""*"", ""same_operator_example_count"": 2, ""subtype"": ""numeric_2x2""}",False,,,False,False,0,False,False,False,False,0,0,,False,,0,0,,,False,0,0,0,False,,0,,0,,*,2,concat_yx,1,False,False
b989c740,"In Alice's Wonderland, a secret set of transformation rules is applied to equations. Below are a few examples:
13*63 = 6313
03+21 = 2103
56*85 = 8556
56+74 = 7456
66*17 = 1766
Now, determine the result for: 18+86",8618,symbol_equation,equation_transduction,numeric,True,0.94,5,18+86,atypenumeric__alen4__risksafe,3.0,risk_mid,212,39,4,False,False,False,False,"'*+,.:=",,,,,,,unknown,,0,unknown,,False,1,4,high,False,0.75,False,low,True,symbol_equation,symbol,numeric_2x2,symbol_numeric_operator_formula,8618,True,True,True,verified_trace_ready,3.0,,symbol_numeric_formula_exact,"{""candidate_prediction_count"": 1, ""example_count"": 5, ""format_name"": ""string_template"", ""formula_name"": ""concat_yx"", ""low_shot"": false, ""query_operator"": ""+"", ""same_operator_example_count"": 2, ""subtype"": ""numeric_2x2""}",False,,,False,False,0,False,False,False,False,0,0,,False,,0,0,,,False,0,0,0,False,,0,,0,,+,2,concat_yx,1,False,False
c4f66ede,"In Alice's Wonderland, a secret set of transformation rules is applied to equations. Below are a few examples:
09+64 = 531
37-85 = 51
55*31 = 3155
79*93 = 9379
Now, determine the result for: 25*61",6125,symbol_equation,equation_transduction,numeric,True,0.94,4,25*61,atypenumeric__alen4__risksafe,2.0,risk_mid,196,36,4,False,False,False,False,"'*+,-.:=",,,,,,,unknown,,0,unknown,,False,1,4,high,False,1.0,False,low,True,symbol_equation,symbol,numeric_2x2,symbol_numeric_operator_formula,6125,True,True,True,verified_trace_ready,2.0,,symbol_numeric_formula_exact,"{""candidate_prediction_count"": 1, ""example_count"": 4, ""format_name"": ""string_template"", ""formula_name"": ""concat_yx"", ""low_shot"": false, ""query_operator"": ""*"", ""same_operator_example_count"": 2, ""subtype"": ""numeric_2x2""}",False,,,False,False,0,False,False,False,False,0,0,,False,,0,0,,,False,0,0,0,False,,0,,0,,*,2,concat_yx,1,False,False
d3b20e29,"In Alice's Wonderland, a secret set of transformation rules is applied to equations. Below are a few examples:
59-11 = 48
91-22 = -3
03+35 = 3503
15+69 = 6915
Now, determine the result for: 22+39",3922,symbol_equation,equation_transduction,numeric,True,0.94,4,22+39,atypenumeric__alen4__risksafe,2.0,risk_mid,195,36,4,False,False,False,False,"'+,-.:=",,,,,,,unknown,,0,unknown,,False,1,4,high,False,0.75,False,low,True,symbol_equation,symbol,numeric_2x2,symbol_numeric_operator_formula,3922,True,True,True,verified_trace_ready,2.0,,symbol_numeric_formula_exact,"{""candidate_prediction_count"": 1, ""example_count"": 4, ""format_name"": ""string_template"", ""formula_name"": ""concat_yx"", ""low_shot"": false, ""query_operator"": ""+"", ""same_operator_example_count"": 2, ""subtype"": ""numeric_2x2""}",False,,,False,False,0,False,False,False,False,0,0,,False,,0,0,,,False,0,0,0,False,,0,,0,,+,2,concat_yx,1,False,False
f3e08a24,"In Alice's Wonderland, a secret set of transformation rules is applied to equations. Below are a few examples:
25*82 = 7541
85+82 = 8285
62+12 = 1262
Now, determine the result for: 48+05",0548,symbol_equation,equation_transduction,numeric,True,0.94,3,48+05,atypenumeric__alen4__risksafe,2.0,risk_mid,186,33,4,False,False,False,False,"'*+,.:=",,,,,,,unknown,,0,unknown,,False,1,4,high,False,1.0,False,low,True,symbol_equation,symbol,numeric_2x2,symbol_numeric_operator_formula,0548,True,True,True,verified_trace_ready,2.0,,symbol_numeric_formula_exact,"{""candidate_prediction_count"": 1, ""example_count"": 3, ""format_name"": ""string_template"", ""formula_name"": ""concat_yx"", ""low_shot"": false, ""query_operator"": ""+"", ""same_operator_example_count"": 2, ""subtype"": ""numeric_2x2""}",False,,,False,False,0,False,False,False,False,0,0,,False,,0,0,,,False,0,0,0,False,,0,,0,,+,2,concat_yx,1,False,False
